batch_id,file_path,prefix,status,notes
B001,tester/swatplus_docs_20260130/src/aqu_pest_output_init.f90,aqu,pending,anchor=aqu_pesticide_module; chunk=1
B001,tester/swatplus_docs_20260130/src/aqu_pesticide_module.f90,aqu,pending,anchor=aqu_pesticide_module; chunk=1
B002,tester/swatplus_docs_20260130/src/aqu_1d_control.f90,aqu,pending,anchor=aquifer_module; chunk=1
B002,tester/swatplus_docs_20260130/src/aqu_initial.f90,aqu,pending,anchor=aquifer_module; chunk=1
B002,tester/swatplus_docs_20260130/src/aquifer_module.f90,aquifer,pending,anchor=aquifer_module; chunk=1
B002,tester/swatplus_docs_20260130/src/calhard_control.f90,calhard,pending,anchor=aquifer_module; chunk=1
B002,tester/swatplus_docs_20260130/src/header_aquifer.f90,header,pending,anchor=aquifer_module; chunk=1
B002,tester/swatplus_docs_20260130/src/salt_chem_aqu.f90,salt,pending,anchor=aquifer_module; chunk=1
B003,tester/swatplus_docs_20260130/src/aqu_read_init.f90,aqu,pending,anchor=basin_module; chunk=1
B003,tester/swatplus_docs_20260130/src/aqu_read_init_cs.f90,aqu,pending,anchor=basin_module; chunk=1
B003,tester/swatplus_docs_20260130/src/basin_module.f90,basin,pending,anchor=basin_module; chunk=1
B003,tester/swatplus_docs_20260130/src/basin_prm_default.f90,basin,pending,anchor=basin_module; chunk=1
B003,tester/swatplus_docs_20260130/src/cal_parm_select.f90,cal,pending,anchor=basin_module; chunk=1
B003,tester/swatplus_docs_20260130/src/ch_read.f90,ch,pending,anchor=basin_module; chunk=1
B003,tester/swatplus_docs_20260130/src/ch_read_hyd.f90,ch,pending,anchor=basin_module; chunk=1
B003,tester/swatplus_docs_20260130/src/ch_read_init.f90,ch,pending,anchor=basin_module; chunk=1
B003,tester/swatplus_docs_20260130/src/ch_read_init_cs.f90,ch,pending,anchor=basin_module; chunk=1
B003,tester/swatplus_docs_20260130/src/ch_read_temp.f90,ch,pending,anchor=basin_module; chunk=1
B003,tester/swatplus_docs_20260130/src/ch_rtday.f90,ch,pending,anchor=basin_module; chunk=1
B003,tester/swatplus_docs_20260130/src/ch_rthr.f90,ch,pending,anchor=basin_module; chunk=1
B004,tester/swatplus_docs_20260130/src/ch_rtmusk.f90,ch,pending,anchor=basin_module; chunk=2
B004,tester/swatplus_docs_20260130/src/ch_rtpath.f90,ch,pending,anchor=basin_module; chunk=2
B004,tester/swatplus_docs_20260130/src/cli_clgen.f90,cli,pending,anchor=basin_module; chunk=2
B004,tester/swatplus_docs_20260130/src/cli_initwgn.f90,cli,pending,anchor=basin_module; chunk=2
B004,tester/swatplus_docs_20260130/src/cli_lapse.f90,cli,pending,anchor=basin_module; chunk=2
B004,tester/swatplus_docs_20260130/src/cli_pgen.f90,cli,pending,anchor=basin_module; chunk=2
B004,tester/swatplus_docs_20260130/src/cli_read_atmodep.f90,cli,pending,anchor=basin_module; chunk=2
B004,tester/swatplus_docs_20260130/src/cli_read_atmodep_cs.f90,cli,pending,anchor=basin_module; chunk=2
B004,tester/swatplus_docs_20260130/src/cli_read_atmodep_salt.f90,cli,pending,anchor=basin_module; chunk=2
B004,tester/swatplus_docs_20260130/src/constit_db_read.f90,constit,pending,anchor=basin_module; chunk=2
B004,tester/swatplus_docs_20260130/src/cs_rain.f90,cs,pending,anchor=basin_module; chunk=2
B004,tester/swatplus_docs_20260130/src/cs_uptake.f90,cs,pending,anchor=basin_module; chunk=2
B005,tester/swatplus_docs_20260130/src/cs_uptake_read.f90,cs,pending,anchor=basin_module; chunk=3
B005,tester/swatplus_docs_20260130/src/ero_cfactor.f90,ero,pending,anchor=basin_module; chunk=3
B005,tester/swatplus_docs_20260130/src/et_act.f90,et,pending,anchor=basin_module; chunk=3
B005,tester/swatplus_docs_20260130/src/header_const.f90,header,pending,anchor=basin_module; chunk=3
B005,tester/swatplus_docs_20260130/src/header_hyd.f90,header,pending,anchor=basin_module; chunk=3
B005,tester/swatplus_docs_20260130/src/header_lu_change.f90,header,pending,anchor=basin_module; chunk=3
B005,tester/swatplus_docs_20260130/src/header_mgt.f90,header,pending,anchor=basin_module; chunk=3
B005,tester/swatplus_docs_20260130/src/header_path.f90,header,pending,anchor=basin_module; chunk=3
B005,tester/swatplus_docs_20260130/src/header_pest.f90,header,pending,anchor=basin_module; chunk=3
B005,tester/swatplus_docs_20260130/src/header_reservoir.f90,header,pending,anchor=basin_module; chunk=3
B005,tester/swatplus_docs_20260130/src/header_salt.f90,header,pending,anchor=basin_module; chunk=3
B005,tester/swatplus_docs_20260130/src/header_wetland.f90,header,pending,anchor=basin_module; chunk=3
B006,tester/swatplus_docs_20260130/src/header_write.f90,header,pending,anchor=basin_module; chunk=4
B006,tester/swatplus_docs_20260130/src/header_yield.f90,header,pending,anchor=basin_module; chunk=4
B006,tester/swatplus_docs_20260130/src/hyd_connect_out.f90,hyd,pending,anchor=basin_module; chunk=4
B006,tester/swatplus_docs_20260130/src/mgt_harvgrain.f90,mgt,pending,anchor=basin_module; chunk=4
B006,tester/swatplus_docs_20260130/src/mgt_harvtuber.f90,mgt,pending,anchor=basin_module; chunk=4
B006,tester/swatplus_docs_20260130/src/mgt_killop.f90,mgt,pending,anchor=basin_module; chunk=4
B006,tester/swatplus_docs_20260130/src/nut_denit.f90,nut,pending,anchor=basin_module; chunk=4
B006,tester/swatplus_docs_20260130/src/nut_nlch.f90,nut,pending,anchor=basin_module; chunk=4
B006,tester/swatplus_docs_20260130/src/nut_nrain.f90,nut,pending,anchor=basin_module; chunk=4
B006,tester/swatplus_docs_20260130/src/nut_pminrl.f90,nut,pending,anchor=basin_module; chunk=4
B006,tester/swatplus_docs_20260130/src/nut_pminrl2.f90,nut,pending,anchor=basin_module; chunk=4
B006,tester/swatplus_docs_20260130/src/nut_solp.f90,nut,pending,anchor=basin_module; chunk=4
B007,tester/swatplus_docs_20260130/src/om_water_init.f90,om,pending,anchor=basin_module; chunk=5
B007,tester/swatplus_docs_20260130/src/pest_metabolite_read.f90,pest,pending,anchor=basin_module; chunk=5
B007,tester/swatplus_docs_20260130/src/pest_parm_read.f90,pest,pending,anchor=basin_module; chunk=5
B007,tester/swatplus_docs_20260130/src/pl_burnop.f90,pl,pending,anchor=basin_module; chunk=5
B007,tester/swatplus_docs_20260130/src/pl_nfix.f90,pl,pending,anchor=basin_module; chunk=5
B007,tester/swatplus_docs_20260130/src/pl_pup.f90,pl,pending,anchor=basin_module; chunk=5
B007,tester/swatplus_docs_20260130/src/plantparm_init.f90,plantparm,pending,anchor=basin_module; chunk=5
B007,tester/swatplus_docs_20260130/src/recall_cs.f90,recall,pending,anchor=basin_module; chunk=5
B007,tester/swatplus_docs_20260130/src/recall_nut.f90,recall,pending,anchor=basin_module; chunk=5
B007,tester/swatplus_docs_20260130/src/recall_salt.f90,recall,pending,anchor=basin_module; chunk=5
B007,tester/swatplus_docs_20260130/src/res_control.f90,res,pending,anchor=basin_module; chunk=5
B007,tester/swatplus_docs_20260130/src/res_read.f90,res,pending,anchor=basin_module; chunk=5
B008,tester/swatplus_docs_20260130/src/res_read_hyd.f90,res,pending,anchor=basin_module; chunk=6
B008,tester/swatplus_docs_20260130/src/res_read_init.f90,res,pending,anchor=basin_module; chunk=6
B008,tester/swatplus_docs_20260130/src/ru_read.f90,ru,pending,anchor=basin_module; chunk=6
B008,tester/swatplus_docs_20260130/src/salt_chem_soil_single.f90,salt,pending,anchor=basin_module; chunk=6
B008,tester/swatplus_docs_20260130/src/salt_rain.f90,salt,pending,anchor=basin_module; chunk=6
B008,tester/swatplus_docs_20260130/src/salt_roadsalt.f90,salt,pending,anchor=basin_module; chunk=6
B008,tester/swatplus_docs_20260130/src/salt_roadsalt_read.f90,salt,pending,anchor=basin_module; chunk=6
B008,tester/swatplus_docs_20260130/src/salt_uptake.f90,salt,pending,anchor=basin_module; chunk=6
B008,tester/swatplus_docs_20260130/src/salt_uptake_read.f90,salt,pending,anchor=basin_module; chunk=6
B008,tester/swatplus_docs_20260130/src/sd_channel_read.f90,sd,pending,anchor=basin_module; chunk=6
B008,tester/swatplus_docs_20260130/src/smp_filter.f90,smp,pending,anchor=basin_module; chunk=6
B008,tester/swatplus_docs_20260130/src/soil_carbvar_write.f90,soil,pending,anchor=basin_module; chunk=6
B009,tester/swatplus_docs_20260130/src/sq_canopyint.f90,sq,pending,anchor=basin_module; chunk=7
B009,tester/swatplus_docs_20260130/src/sq_crackflow.f90,sq,pending,anchor=basin_module; chunk=7
B009,tester/swatplus_docs_20260130/src/sq_dailycn.f90,sq,pending,anchor=basin_module; chunk=7
B009,tester/swatplus_docs_20260130/src/sq_surfst.f90,sq,pending,anchor=basin_module; chunk=7
B009,tester/swatplus_docs_20260130/src/sq_volq.f90,sq,pending,anchor=basin_module; chunk=7
B009,tester/swatplus_docs_20260130/src/surface.f90,surface.f90,pending,anchor=basin_module; chunk=7
B009,tester/swatplus_docs_20260130/src/swr_drains.f90,swr,pending,anchor=basin_module; chunk=7
B009,tester/swatplus_docs_20260130/src/swr_subwq.f90,swr,pending,anchor=basin_module; chunk=7
B009,tester/swatplus_docs_20260130/src/unit_hyd.f90,unit,pending,anchor=basin_module; chunk=7
B009,tester/swatplus_docs_20260130/src/wet_read.f90,wet,pending,anchor=basin_module; chunk=7
B009,tester/swatplus_docs_20260130/src/wet_read_hyd.f90,wet,pending,anchor=basin_module; chunk=7
B010,tester/swatplus_docs_20260130/src/calibration_data_module.f90,calibration,pending,anchor=calibration_data_module; chunk=1
B010,tester/swatplus_docs_20260130/src/calsoft_plant_zero.f90,calsoft,pending,anchor=calibration_data_module; chunk=1
B010,tester/swatplus_docs_20260130/src/calsoft_read_codes.f90,calsoft,pending,anchor=calibration_data_module; chunk=1
B010,tester/swatplus_docs_20260130/src/ch_read_parms_cal.f90,ch,pending,anchor=calibration_data_module; chunk=1
B011,tester/swatplus_docs_20260130/src/carbon_coef_read.f90,carbon,pending,anchor=carbon_module; chunk=1
B011,tester/swatplus_docs_20260130/src/carbon_module.f90,carbon,pending,anchor=carbon_module; chunk=1
B011,tester/swatplus_docs_20260130/src/carbon_read.f90,carbon,pending,anchor=carbon_module; chunk=1
B012,tester/swatplus_docs_20260130/src/ch_cs_module.f90,ch,pending,anchor=ch_cs_module; chunk=1
B013,tester/swatplus_docs_20260130/src/ch_pesticide_module.f90,ch,pending,anchor=ch_pesticide_module; chunk=1
B014,tester/swatplus_docs_20260130/src/ch_salt_module.f90,ch,pending,anchor=ch_salt_module; chunk=1
B015,tester/swatplus_docs_20260130/src/ch_initial.f90,ch,pending,anchor=channel_data_module; chunk=1
B015,tester/swatplus_docs_20260130/src/ch_rtpest.f90,ch,pending,anchor=channel_data_module; chunk=1
B015,tester/swatplus_docs_20260130/src/ch_ttcoef.f90,ch,pending,anchor=channel_data_module; chunk=1
B015,tester/swatplus_docs_20260130/src/channel_data_module.f90,channel,pending,anchor=channel_data_module; chunk=1
B015,tester/swatplus_docs_20260130/src/rte_read_nut.f90,rte,pending,anchor=channel_data_module; chunk=1
B016,tester/swatplus_docs_20260130/src/ch_rchinit.f90,ch,pending,anchor=channel_module; chunk=1
B016,tester/swatplus_docs_20260130/src/ch_watqual4.f90,ch,pending,anchor=channel_module; chunk=1
B016,tester/swatplus_docs_20260130/src/channel_module.f90,channel,pending,anchor=channel_module; chunk=1
B016,tester/swatplus_docs_20260130/src/header_channel.f90,header,pending,anchor=channel_module; chunk=1
B017,tester/swatplus_docs_20260130/src/channel_velocity_module.f90,channel,pending,anchor=channel_velocity_module; chunk=1
B018,tester/swatplus_docs_20260130/src/cli_atmodep_time_control.f90,cli,pending,anchor=climate_module; chunk=1
B018,tester/swatplus_docs_20260130/src/cli_petmeas.f90,cli,pending,anchor=climate_module; chunk=1
B018,tester/swatplus_docs_20260130/src/cli_pgenhr.f90,cli,pending,anchor=climate_module; chunk=1
B018,tester/swatplus_docs_20260130/src/cli_pmeas.f90,cli,pending,anchor=climate_module; chunk=1
B018,tester/swatplus_docs_20260130/src/cli_precip_control.f90,cli,pending,anchor=climate_module; chunk=1
B018,tester/swatplus_docs_20260130/src/cli_rhgen.f90,cli,pending,anchor=climate_module; chunk=1
B018,tester/swatplus_docs_20260130/src/cli_smeas.f90,cli,pending,anchor=climate_module; chunk=1
B018,tester/swatplus_docs_20260130/src/cli_tgen.f90,cli,pending,anchor=climate_module; chunk=1
B018,tester/swatplus_docs_20260130/src/cli_weatgn.f90,cli,pending,anchor=climate_module; chunk=1
B018,tester/swatplus_docs_20260130/src/climate_control.f90,climate,pending,anchor=climate_module; chunk=1
B018,tester/swatplus_docs_20260130/src/climate_module.f90,climate,pending,anchor=climate_module; chunk=1
B018,tester/swatplus_docs_20260130/src/ero_eiusle.f90,ero,pending,anchor=climate_module; chunk=1
B019,tester/swatplus_docs_20260130/src/gcycl.f90,gcycl.f90,pending,anchor=climate_module; chunk=2
B019,tester/swatplus_docs_20260130/src/pl_tstr.f90,pl,pending,anchor=climate_module; chunk=2
B019,tester/swatplus_docs_20260130/src/sd_channel_sediment3.f90,sd,pending,anchor=climate_module; chunk=2
B019,tester/swatplus_docs_20260130/src/stmp_solt.f90,stmp,pending,anchor=climate_module; chunk=2
B020,tester/swatplus_docs_20260130/src/actions.f90,actions.f90,pending,anchor=conditional_module; chunk=1
B020,tester/swatplus_docs_20260130/src/cond_integer.f90,cond,pending,anchor=conditional_module; chunk=1
B020,tester/swatplus_docs_20260130/src/cond_real.f90,cond,pending,anchor=conditional_module; chunk=1
B020,tester/swatplus_docs_20260130/src/conditional_module.f90,conditional,pending,anchor=conditional_module; chunk=1
B020,tester/swatplus_docs_20260130/src/conditions.f90,conditions.f90,pending,anchor=conditional_module; chunk=1
B020,tester/swatplus_docs_20260130/src/hru_dtbl_actions_init.f90,hru,pending,anchor=conditional_module; chunk=1
B021,tester/swatplus_docs_20260130/src/constit_hyd_mult.f90,constit,pending,anchor=constituent_mass_module; chunk=1
B021,tester/swatplus_docs_20260130/src/constituent_mass_module.f90,constituent,pending,anchor=constituent_mass_module; chunk=1
B021,tester/swatplus_docs_20260130/src/cs_aqu_read.f90,cs,pending,anchor=constituent_mass_module; chunk=1
B021,tester/swatplus_docs_20260130/src/cs_cha_read.f90,cs,pending,anchor=constituent_mass_module; chunk=1
B021,tester/swatplus_docs_20260130/src/cs_fert_read.f90,cs,pending,anchor=constituent_mass_module; chunk=1
B021,tester/swatplus_docs_20260130/src/cs_hru_read.f90,cs,pending,anchor=constituent_mass_module; chunk=1
B021,tester/swatplus_docs_20260130/src/cs_irr_read.f90,cs,pending,anchor=constituent_mass_module; chunk=1
B021,tester/swatplus_docs_20260130/src/cs_plant_read.f90,cs,pending,anchor=constituent_mass_module; chunk=1
B021,tester/swatplus_docs_20260130/src/hmet_hru_aqu_read.f90,hmet,pending,anchor=constituent_mass_module; chunk=1
B021,tester/swatplus_docs_20260130/src/path_cha_res_read.f90,path,pending,anchor=constituent_mass_module; chunk=1
B021,tester/swatplus_docs_20260130/src/path_hru_aqu_read.f90,path,pending,anchor=constituent_mass_module; chunk=1
B021,tester/swatplus_docs_20260130/src/pest_cha_res_read.f90,pest,pending,anchor=constituent_mass_module; chunk=1
B022,tester/swatplus_docs_20260130/src/pest_hru_aqu_read.f90,pest,pending,anchor=constituent_mass_module; chunk=2
B022,tester/swatplus_docs_20260130/src/salt_aqu_read.f90,salt,pending,anchor=constituent_mass_module; chunk=2
B022,tester/swatplus_docs_20260130/src/salt_cha_read.f90,salt,pending,anchor=constituent_mass_module; chunk=2
B022,tester/swatplus_docs_20260130/src/salt_fert_read.f90,salt,pending,anchor=constituent_mass_module; chunk=2
B022,tester/swatplus_docs_20260130/src/salt_hru_read.f90,salt,pending,anchor=constituent_mass_module; chunk=2
B022,tester/swatplus_docs_20260130/src/salt_irr_read.f90,salt,pending,anchor=constituent_mass_module; chunk=2
B022,tester/swatplus_docs_20260130/src/salt_plant_read.f90,salt,pending,anchor=constituent_mass_module; chunk=2
B023,tester/swatplus_docs_20260130/src/cs_aquifer.f90,cs,pending,anchor=cs_aquifer; chunk=1
B024,tester/swatplus_docs_20260130/src/cs_data_module.f90,cs,pending,anchor=cs_data_module; chunk=1
B024,tester/swatplus_docs_20260130/src/se_reactions_aquifer.f90,se,pending,anchor=cs_data_module; chunk=1
B024,tester/swatplus_docs_20260130/src/se_reactions_soil.f90,se,pending,anchor=cs_data_module; chunk=1
B025,tester/swatplus_docs_20260130/src/cs_module.f90,cs,pending,anchor=cs_module; chunk=1
B026,tester/swatplus_docs_20260130/src/dr_db_read.f90,dr,pending,anchor=dr_module; chunk=1
B026,tester/swatplus_docs_20260130/src/dr_module.f90,dr,pending,anchor=dr_module; chunk=1
B026,tester/swatplus_docs_20260130/src/dr_read_om.f90,dr,pending,anchor=dr_module; chunk=1
B027,tester/swatplus_docs_20260130/src/erosion_module.f90,erosion,pending,anchor=erosion_module; chunk=1
B028,tester/swatplus_docs_20260130/src/exco_db_read.f90,exco,pending,anchor=exco_module; chunk=1
B028,tester/swatplus_docs_20260130/src/exco_module.f90,exco,pending,anchor=exco_module; chunk=1
B029,tester/swatplus_docs_20260130/src/fertilizer_data_module.f90,fertilizer,pending,anchor=fertilizer_data_module; chunk=1
B030,tester/swatplus_docs_20260130/src/gwflow_canl.f90,gwflow,pending,anchor=gwflow_module; chunk=1
B030,tester/swatplus_docs_20260130/src/gwflow_canl_out.f90,gwflow,pending,anchor=gwflow_module; chunk=1
B030,tester/swatplus_docs_20260130/src/gwflow_chan_read.f90,gwflow,pending,anchor=gwflow_module; chunk=1
B030,tester/swatplus_docs_20260130/src/gwflow_chem.f90,gwflow,pending,anchor=gwflow_module; chunk=1
B030,tester/swatplus_docs_20260130/src/gwflow_gwet.f90,gwflow,pending,anchor=gwflow_module; chunk=1
B030,tester/swatplus_docs_20260130/src/gwflow_gwsw.f90,gwflow,pending,anchor=gwflow_module; chunk=1
B030,tester/swatplus_docs_20260130/src/gwflow_module.f90,gwflow,pending,anchor=gwflow_module; chunk=1
B030,tester/swatplus_docs_20260130/src/gwflow_ppag.f90,gwflow,pending,anchor=gwflow_module; chunk=1
B030,tester/swatplus_docs_20260130/src/gwflow_ppex.f90,gwflow,pending,anchor=gwflow_module; chunk=1
B030,tester/swatplus_docs_20260130/src/gwflow_read.f90,gwflow,pending,anchor=gwflow_module; chunk=1
B030,tester/swatplus_docs_20260130/src/gwflow_rech.f90,gwflow,pending,anchor=gwflow_module; chunk=1
B030,tester/swatplus_docs_20260130/src/gwflow_resv.f90,gwflow,pending,anchor=gwflow_module; chunk=1
B031,tester/swatplus_docs_20260130/src/gwflow_satx.f90,gwflow,pending,anchor=gwflow_module; chunk=2
B031,tester/swatplus_docs_20260130/src/gwflow_simulate.f90,gwflow,pending,anchor=gwflow_module; chunk=2
B031,tester/swatplus_docs_20260130/src/gwflow_soil.f90,gwflow,pending,anchor=gwflow_module; chunk=2
B031,tester/swatplus_docs_20260130/src/gwflow_tile.f90,gwflow,pending,anchor=gwflow_module; chunk=2
B031,tester/swatplus_docs_20260130/src/gwflow_wetl.f90,gwflow,pending,anchor=gwflow_module; chunk=2
B032,tester/swatplus_docs_20260130/src/hru_lte_module.f90,hru,pending,anchor=hru_lte_module; chunk=1
B033,tester/swatplus_docs_20260130/src/albedo.f90,albedo.f90,pending,anchor=hru_module; chunk=1
B033,tester/swatplus_docs_20260130/src/allocate_parms.f90,allocate,pending,anchor=hru_module; chunk=1
B033,tester/swatplus_docs_20260130/src/calsoft_hyd.f90,calsoft,pending,anchor=hru_module; chunk=1
B033,tester/swatplus_docs_20260130/src/calsoft_hyd_bfr_et.f90,calsoft,pending,anchor=hru_module; chunk=1
B033,tester/swatplus_docs_20260130/src/calsoft_hyd_bfr_latq.f90,calsoft,pending,anchor=hru_module; chunk=1
B033,tester/swatplus_docs_20260130/src/calsoft_hyd_bfr_perc.f90,calsoft,pending,anchor=hru_module; chunk=1
B033,tester/swatplus_docs_20260130/src/calsoft_hyd_bfr_pet.f90,calsoft,pending,anchor=hru_module; chunk=1
B033,tester/swatplus_docs_20260130/src/calsoft_hyd_bfr_surq.f90,calsoft,pending,anchor=hru_module; chunk=1
B033,tester/swatplus_docs_20260130/src/calsoft_plant.f90,calsoft,pending,anchor=hru_module; chunk=1
B033,tester/swatplus_docs_20260130/src/calsoft_sed.f90,calsoft,pending,anchor=hru_module; chunk=1
B033,tester/swatplus_docs_20260130/src/cbn_zhang2.f90,cbn,pending,anchor=hru_module; chunk=1
B033,tester/swatplus_docs_20260130/src/cn2_init.f90,cn2,pending,anchor=hru_module; chunk=1
B034,tester/swatplus_docs_20260130/src/cs_hru_init.f90,cs,pending,anchor=hru_module; chunk=2
B034,tester/swatplus_docs_20260130/src/cs_lch.f90,cs,pending,anchor=hru_module; chunk=2
B034,tester/swatplus_docs_20260130/src/cs_rctn_hru.f90,cs,pending,anchor=hru_module; chunk=2
B034,tester/swatplus_docs_20260130/src/cs_sorb_hru.f90,cs,pending,anchor=hru_module; chunk=2
B034,tester/swatplus_docs_20260130/src/ero_pkq.f90,ero,pending,anchor=hru_module; chunk=2
B034,tester/swatplus_docs_20260130/src/ero_ysed.f90,ero,pending,anchor=hru_module; chunk=2
B034,tester/swatplus_docs_20260130/src/hru_allo.f90,hru,pending,anchor=hru_module; chunk=2
B034,tester/swatplus_docs_20260130/src/hru_control.f90,hru,pending,anchor=hru_module; chunk=2
B034,tester/swatplus_docs_20260130/src/hru_hyds.f90,hru,pending,anchor=hru_module; chunk=2
B034,tester/swatplus_docs_20260130/src/hru_lum_init.f90,hru,pending,anchor=hru_module; chunk=2
B034,tester/swatplus_docs_20260130/src/hru_lum_init_all.f90,hru,pending,anchor=hru_module; chunk=2
B034,tester/swatplus_docs_20260130/src/hru_module.f90,hru,pending,anchor=hru_module; chunk=2
B035,tester/swatplus_docs_20260130/src/hru_sweep.f90,hru,pending,anchor=hru_module; chunk=3
B035,tester/swatplus_docs_20260130/src/hru_urb_bmp.f90,hru,pending,anchor=hru_module; chunk=3
B035,tester/swatplus_docs_20260130/src/hru_urban.f90,hru,pending,anchor=hru_module; chunk=3
B035,tester/swatplus_docs_20260130/src/hru_urbanhr.f90,hru,pending,anchor=hru_module; chunk=3
B035,tester/swatplus_docs_20260130/src/hydro_init.f90,hydro,pending,anchor=hru_module; chunk=3
B035,tester/swatplus_docs_20260130/src/layersplit.f90,layersplit.f90,pending,anchor=hru_module; chunk=3
B035,tester/swatplus_docs_20260130/src/mgt_plantop.f90,mgt,pending,anchor=hru_module; chunk=3
B035,tester/swatplus_docs_20260130/src/mgt_transplant.f90,mgt,pending,anchor=hru_module; chunk=3
B035,tester/swatplus_docs_20260130/src/nut_orgnc2.f90,nut,pending,anchor=hru_module; chunk=3
B035,tester/swatplus_docs_20260130/src/nut_psed.f90,nut,pending,anchor=hru_module; chunk=3
B035,tester/swatplus_docs_20260130/src/pathogen_init.f90,pathogen,pending,anchor=hru_module; chunk=3
B035,tester/swatplus_docs_20260130/src/pest_enrsb.f90,pest,pending,anchor=hru_module; chunk=3
B036,tester/swatplus_docs_20260130/src/pest_pesty.f90,pest,pending,anchor=hru_module; chunk=4
B036,tester/swatplus_docs_20260130/src/pesticide_init.f90,pesticide,pending,anchor=hru_module; chunk=4
B036,tester/swatplus_docs_20260130/src/pl_community.f90,pl,pending,anchor=hru_module; chunk=4
B036,tester/swatplus_docs_20260130/src/pl_nut_demand.f90,pl,pending,anchor=hru_module; chunk=4
B036,tester/swatplus_docs_20260130/src/pl_rootfr.f90,pl,pending,anchor=hru_module; chunk=4
B036,tester/swatplus_docs_20260130/src/plant_init.f90,plant,pending,anchor=hru_module; chunk=4
B036,tester/swatplus_docs_20260130/src/proc_cond.f90,proc,pending,anchor=hru_module; chunk=4
B036,tester/swatplus_docs_20260130/src/re_initialize.f90,re,pending,anchor=hru_module; chunk=4
B036,tester/swatplus_docs_20260130/src/regres.f90,regres.f90,pending,anchor=hru_module; chunk=4
B036,tester/swatplus_docs_20260130/src/rls_routeaqu.f90,rls,pending,anchor=hru_module; chunk=4
B036,tester/swatplus_docs_20260130/src/rls_routesoil.f90,rls,pending,anchor=hru_module; chunk=4
B036,tester/swatplus_docs_20260130/src/rls_routesurf.f90,rls,pending,anchor=hru_module; chunk=4
B037,tester/swatplus_docs_20260130/src/rls_routetile.f90,rls,pending,anchor=hru_module; chunk=5
B037,tester/swatplus_docs_20260130/src/salt_chem_hru.f90,salt,pending,anchor=hru_module; chunk=5
B037,tester/swatplus_docs_20260130/src/salt_hru_init.f90,salt,pending,anchor=hru_module; chunk=5
B037,tester/swatplus_docs_20260130/src/salt_lch.f90,salt,pending,anchor=hru_module; chunk=5
B037,tester/swatplus_docs_20260130/src/sim_initday.f90,sim,pending,anchor=hru_module; chunk=5
B037,tester/swatplus_docs_20260130/src/smp_bmpfixed.f90,smp,pending,anchor=hru_module; chunk=5
B037,tester/swatplus_docs_20260130/src/smp_buffer.f90,smp,pending,anchor=hru_module; chunk=5
B037,tester/swatplus_docs_20260130/src/smp_grass_wway.f90,smp,pending,anchor=hru_module; chunk=5
B037,tester/swatplus_docs_20260130/src/soil_nutcarb_init.f90,soil,pending,anchor=hru_module; chunk=5
B037,tester/swatplus_docs_20260130/src/soil_plant_init.f90,soil,pending,anchor=hru_module; chunk=5
B037,tester/swatplus_docs_20260130/src/soils_init.f90,soils,pending,anchor=hru_module; chunk=5
B037,tester/swatplus_docs_20260130/src/sq_crackvol.f90,sq,pending,anchor=hru_module; chunk=5
B038,tester/swatplus_docs_20260130/src/swr_depstor.f90,swr,pending,anchor=hru_module; chunk=6
B038,tester/swatplus_docs_20260130/src/swr_latsed.f90,swr,pending,anchor=hru_module; chunk=6
B038,tester/swatplus_docs_20260130/src/swr_origtile.f90,swr,pending,anchor=hru_module; chunk=6
B038,tester/swatplus_docs_20260130/src/swr_percmacro.f90,swr,pending,anchor=hru_module; chunk=6
B038,tester/swatplus_docs_20260130/src/swr_percmain.f90,swr,pending,anchor=hru_module; chunk=6
B038,tester/swatplus_docs_20260130/src/swr_satexcess.f90,swr,pending,anchor=hru_module; chunk=6
B038,tester/swatplus_docs_20260130/src/ttcoef_wway.f90,ttcoef,pending,anchor=hru_module; chunk=6
B038,tester/swatplus_docs_20260130/src/unit_hyd_ru_hru.f90,unit,pending,anchor=hru_module; chunk=6
B038,tester/swatplus_docs_20260130/src/wet_all_initial.f90,wet,pending,anchor=hru_module; chunk=6
B038,tester/swatplus_docs_20260130/src/zero0.f90,zero0.f90,pending,anchor=hru_module; chunk=6
B038,tester/swatplus_docs_20260130/src/zero1.f90,zero1.f90,pending,anchor=hru_module; chunk=6
B038,tester/swatplus_docs_20260130/src/zero2.f90,zero2.f90,pending,anchor=hru_module; chunk=6
B039,tester/swatplus_docs_20260130/src/zeroini.f90,zeroini.f90,pending,anchor=hru_module; chunk=7
B040,tester/swatplus_docs_20260130/src/aqu2d_init.f90,aqu2d,pending,anchor=hydrograph_module; chunk=1
B040,tester/swatplus_docs_20260130/src/aqu2d_read.f90,aqu2d,pending,anchor=hydrograph_module; chunk=1
B040,tester/swatplus_docs_20260130/src/basin_read_objs.f90,basin,pending,anchor=hydrograph_module; chunk=1
B040,tester/swatplus_docs_20260130/src/caltsoft_hyd.f90,caltsoft,pending,anchor=hydrograph_module; chunk=1
B040,tester/swatplus_docs_20260130/src/channel_surf_link.f90,channel,pending,anchor=hydrograph_module; chunk=1
B040,tester/swatplus_docs_20260130/src/cli_slrgen.f90,cli,pending,anchor=hydrograph_module; chunk=1
B040,tester/swatplus_docs_20260130/src/cli_wndgen.f90,cli,pending,anchor=hydrograph_module; chunk=1
B040,tester/swatplus_docs_20260130/src/cs_balance.f90,cs,pending,anchor=hydrograph_module; chunk=1
B040,tester/swatplus_docs_20260130/src/cs_rctn_aqu.f90,cs,pending,anchor=hydrograph_module; chunk=1
B040,tester/swatplus_docs_20260130/src/cs_reactions_read.f90,cs,pending,anchor=hydrograph_module; chunk=1
B040,tester/swatplus_docs_20260130/src/cs_sorb_aqu.f90,cs,pending,anchor=hydrograph_module; chunk=1
B040,tester/swatplus_docs_20260130/src/cs_str_output.f90,cs,pending,anchor=hydrograph_module; chunk=1
B041,tester/swatplus_docs_20260130/src/define_unit_elements.f90,define,pending,anchor=hydrograph_module; chunk=2
B041,tester/swatplus_docs_20260130/src/dr_path_read.f90,dr,pending,anchor=hydrograph_module; chunk=2
B041,tester/swatplus_docs_20260130/src/dr_read_hmet.f90,dr,pending,anchor=hydrograph_module; chunk=2
B041,tester/swatplus_docs_20260130/src/dr_read_pest.f90,dr,pending,anchor=hydrograph_module; chunk=2
B041,tester/swatplus_docs_20260130/src/dr_read_salt.f90,dr,pending,anchor=hydrograph_module; chunk=2
B041,tester/swatplus_docs_20260130/src/dr_ru.f90,dr,pending,anchor=hydrograph_module; chunk=2
B041,tester/swatplus_docs_20260130/src/exco_read_hmet.f90,exco,pending,anchor=hydrograph_module; chunk=2
B041,tester/swatplus_docs_20260130/src/exco_read_om.f90,exco,pending,anchor=hydrograph_module; chunk=2
B041,tester/swatplus_docs_20260130/src/exco_read_path.f90,exco,pending,anchor=hydrograph_module; chunk=2
B041,tester/swatplus_docs_20260130/src/exco_read_pest.f90,exco,pending,anchor=hydrograph_module; chunk=2
B041,tester/swatplus_docs_20260130/src/exco_read_salt.f90,exco,pending,anchor=hydrograph_module; chunk=2
B041,tester/swatplus_docs_20260130/src/flow_hyd_ru_hru.f90,flow,pending,anchor=hydrograph_module; chunk=2
B042,tester/swatplus_docs_20260130/src/hcsin_output.f90,hcsin,pending,anchor=hydrograph_module; chunk=3
B042,tester/swatplus_docs_20260130/src/hcsout_output.f90,hcsout,pending,anchor=hydrograph_module; chunk=3
B042,tester/swatplus_docs_20260130/src/header_cs.f90,header,pending,anchor=hydrograph_module; chunk=3
B042,tester/swatplus_docs_20260130/src/header_snutc.f90,header,pending,anchor=hydrograph_module; chunk=3
B042,tester/swatplus_docs_20260130/src/hru_fr_change.f90,hru,pending,anchor=hydrograph_module; chunk=3
B042,tester/swatplus_docs_20260130/src/hrudb_init.f90,hrudb,pending,anchor=hydrograph_module; chunk=3
B042,tester/swatplus_docs_20260130/src/hyd_connect.f90,hyd,pending,anchor=hydrograph_module; chunk=3
B042,tester/swatplus_docs_20260130/src/hyd_read_connect.f90,hyd,pending,anchor=hydrograph_module; chunk=3
B042,tester/swatplus_docs_20260130/src/hyddep_output.f90,hyddep,pending,anchor=hydrograph_module; chunk=3
B042,tester/swatplus_docs_20260130/src/hydin_output.f90,hydin,pending,anchor=hydrograph_module; chunk=3
B042,tester/swatplus_docs_20260130/src/hydrograph_module.f90,hydrograph,pending,anchor=hydrograph_module; chunk=3
B042,tester/swatplus_docs_20260130/src/output_landscape_init.f90,output,pending,anchor=hydrograph_module; chunk=3
B043,tester/swatplus_docs_20260130/src/overbank_read.f90,overbank,pending,anchor=hydrograph_module; chunk=4
B043,tester/swatplus_docs_20260130/src/proc_aqu.f90,proc,pending,anchor=hydrograph_module; chunk=4
B043,tester/swatplus_docs_20260130/src/proc_cal.f90,proc,pending,anchor=hydrograph_module; chunk=4
B043,tester/swatplus_docs_20260130/src/proc_cha.f90,proc,pending,anchor=hydrograph_module; chunk=4
B043,tester/swatplus_docs_20260130/src/proc_hru.f90,proc,pending,anchor=hydrograph_module; chunk=4
B043,tester/swatplus_docs_20260130/src/proc_res.f90,proc,pending,anchor=hydrograph_module; chunk=4
B043,tester/swatplus_docs_20260130/src/recall_read.f90,recall,pending,anchor=hydrograph_module; chunk=4
B043,tester/swatplus_docs_20260130/src/recall_read_cs.f90,recall,pending,anchor=hydrograph_module; chunk=4
B043,tester/swatplus_docs_20260130/src/recall_read_salt.f90,recall,pending,anchor=hydrograph_module; chunk=4
B043,tester/swatplus_docs_20260130/src/ru_read_elements.f90,ru,pending,anchor=hydrograph_module; chunk=4
B043,tester/swatplus_docs_20260130/src/salt_balance.f90,salt,pending,anchor=hydrograph_module; chunk=4
B043,tester/swatplus_docs_20260130/src/sd_channel_surf_link.f90,sd,pending,anchor=hydrograph_module; chunk=4
B044,tester/swatplus_docs_20260130/src/structure_init.f90,structure,pending,anchor=hydrograph_module; chunk=5
B044,tester/swatplus_docs_20260130/src/swift_output.f90,swift,pending,anchor=hydrograph_module; chunk=5
B044,tester/swatplus_docs_20260130/src/topohyd_init.f90,topohyd,pending,anchor=hydrograph_module; chunk=5
B045,tester/swatplus_docs_20260130/src/hydrology_data_module.f90,hydrology,pending,anchor=hydrology_data_module; chunk=1
B046,tester/swatplus_docs_20260130/src/aqu_read.f90,aqu,pending,anchor=input_file_module; chunk=1
B046,tester/swatplus_docs_20260130/src/aqu_read_elements.f90,aqu,pending,anchor=input_file_module; chunk=1
B046,tester/swatplus_docs_20260130/src/basin_print_codes_read.f90,basin,pending,anchor=input_file_module; chunk=1
B046,tester/swatplus_docs_20260130/src/basin_read_cc.f90,basin,pending,anchor=input_file_module; chunk=1
B046,tester/swatplus_docs_20260130/src/basin_read_prm.f90,basin,pending,anchor=input_file_module; chunk=1
B046,tester/swatplus_docs_20260130/src/cal_cond_read.f90,cal,pending,anchor=input_file_module; chunk=1
B046,tester/swatplus_docs_20260130/src/cal_parm_read.f90,cal,pending,anchor=input_file_module; chunk=1
B046,tester/swatplus_docs_20260130/src/cal_parmchg_read.f90,cal,pending,anchor=input_file_module; chunk=1
B046,tester/swatplus_docs_20260130/src/ch_read_elements.f90,ch,pending,anchor=input_file_module; chunk=1
B046,tester/swatplus_docs_20260130/src/ch_read_nut.f90,ch,pending,anchor=input_file_module; chunk=1
B046,tester/swatplus_docs_20260130/src/ch_read_orders_cal.f90,ch,pending,anchor=input_file_module; chunk=1
B046,tester/swatplus_docs_20260130/src/ch_read_sed.f90,ch,pending,anchor=input_file_module; chunk=1
B047,tester/swatplus_docs_20260130/src/cli_hmeas.f90,cli,pending,anchor=input_file_module; chunk=2
B047,tester/swatplus_docs_20260130/src/cli_staread.f90,cli,pending,anchor=input_file_module; chunk=2
B047,tester/swatplus_docs_20260130/src/cli_tmeas.f90,cli,pending,anchor=input_file_module; chunk=2
B047,tester/swatplus_docs_20260130/src/cli_wgnread.f90,cli,pending,anchor=input_file_module; chunk=2
B047,tester/swatplus_docs_20260130/src/cli_wmeas.f90,cli,pending,anchor=input_file_module; chunk=2
B047,tester/swatplus_docs_20260130/src/cntbl_read.f90,cntbl,pending,anchor=input_file_module; chunk=2
B047,tester/swatplus_docs_20260130/src/co2_read.f90,co2,pending,anchor=input_file_module; chunk=2
B047,tester/swatplus_docs_20260130/src/cons_prac_read.f90,cons,pending,anchor=input_file_module; chunk=2
B047,tester/swatplus_docs_20260130/src/fert_parm_read.f90,fert,pending,anchor=input_file_module; chunk=2
B047,tester/swatplus_docs_20260130/src/field_read.f90,field,pending,anchor=input_file_module; chunk=2
B047,tester/swatplus_docs_20260130/src/hydrol_read.f90,hydrol,pending,anchor=input_file_module; chunk=2
B047,tester/swatplus_docs_20260130/src/input_file_module.f90,input,pending,anchor=input_file_module; chunk=2
B048,tester/swatplus_docs_20260130/src/landuse_read.f90,landuse,pending,anchor=input_file_module; chunk=3
B048,tester/swatplus_docs_20260130/src/lcu_read_softcal.f90,lcu,pending,anchor=input_file_module; chunk=3
B048,tester/swatplus_docs_20260130/src/lsu_read_elements.f90,lsu,pending,anchor=input_file_module; chunk=3
B048,tester/swatplus_docs_20260130/src/manure_allocation_read.f90,manure,pending,anchor=input_file_module; chunk=3
B048,tester/swatplus_docs_20260130/src/manure_parm_read.f90,manure,pending,anchor=input_file_module; chunk=3
B048,tester/swatplus_docs_20260130/src/mgt_read_chemapp.f90,mgt,pending,anchor=input_file_module; chunk=3
B048,tester/swatplus_docs_20260130/src/mgt_read_fireops.f90,mgt,pending,anchor=input_file_module; chunk=3
B048,tester/swatplus_docs_20260130/src/mgt_read_grazeops.f90,mgt,pending,anchor=input_file_module; chunk=3
B048,tester/swatplus_docs_20260130/src/mgt_read_harvops.f90,mgt,pending,anchor=input_file_module; chunk=3
B048,tester/swatplus_docs_20260130/src/mgt_read_irrops.f90,mgt,pending,anchor=input_file_module; chunk=3
B048,tester/swatplus_docs_20260130/src/mgt_read_mgtops.f90,mgt,pending,anchor=input_file_module; chunk=3
B048,tester/swatplus_docs_20260130/src/mgt_read_sweepops.f90,mgt,pending,anchor=input_file_module; chunk=3
B049,tester/swatplus_docs_20260130/src/object_read_output.f90,object,pending,anchor=input_file_module; chunk=4
B049,tester/swatplus_docs_20260130/src/om_treat_read.f90,om,pending,anchor=input_file_module; chunk=4
B049,tester/swatplus_docs_20260130/src/om_use_read.f90,om,pending,anchor=input_file_module; chunk=4
B049,tester/swatplus_docs_20260130/src/overland_n_read.f90,overland,pending,anchor=input_file_module; chunk=4
B049,tester/swatplus_docs_20260130/src/path_parm_read.f90,path,pending,anchor=input_file_module; chunk=4
B049,tester/swatplus_docs_20260130/src/pl_read_regions_cal.f90,pl,pending,anchor=input_file_module; chunk=4
B049,tester/swatplus_docs_20260130/src/plant_parm_read.f90,plant,pending,anchor=input_file_module; chunk=4
B049,tester/swatplus_docs_20260130/src/plant_transplant_read.f90,plant,pending,anchor=input_file_module; chunk=4
B049,tester/swatplus_docs_20260130/src/readcio_read.f90,readcio,pending,anchor=input_file_module; chunk=4
B049,tester/swatplus_docs_20260130/src/readpcom.f90,readpcom.f90,pending,anchor=input_file_module; chunk=4
B049,tester/swatplus_docs_20260130/src/rec_read_elements.f90,rec,pending,anchor=input_file_module; chunk=4
B049,tester/swatplus_docs_20260130/src/reg_read_elements.f90,reg,pending,anchor=input_file_module; chunk=4
B050,tester/swatplus_docs_20260130/src/res_read_csdb.f90,res,pending,anchor=input_file_module; chunk=5
B050,tester/swatplus_docs_20260130/src/res_read_elements.f90,res,pending,anchor=input_file_module; chunk=5
B050,tester/swatplus_docs_20260130/src/res_read_nut.f90,res,pending,anchor=input_file_module; chunk=5
B050,tester/swatplus_docs_20260130/src/res_read_saltdb.f90,res,pending,anchor=input_file_module; chunk=5
B050,tester/swatplus_docs_20260130/src/res_read_sed.f90,res,pending,anchor=input_file_module; chunk=5
B050,tester/swatplus_docs_20260130/src/res_read_weir.f90,res,pending,anchor=input_file_module; chunk=5
B050,tester/swatplus_docs_20260130/src/sat_buff_read.f90,sat,pending,anchor=input_file_module; chunk=5
B050,tester/swatplus_docs_20260130/src/scen_read_bmpuser.f90,scen,pending,anchor=input_file_module; chunk=5
B050,tester/swatplus_docs_20260130/src/scen_read_filtstrip.f90,scen,pending,anchor=input_file_module; chunk=5
B050,tester/swatplus_docs_20260130/src/scen_read_grwway.f90,scen,pending,anchor=input_file_module; chunk=5
B050,tester/swatplus_docs_20260130/src/sd_hydsed_init.f90,sd,pending,anchor=input_file_module; chunk=5
B050,tester/swatplus_docs_20260130/src/sd_hydsed_read.f90,sd,pending,anchor=input_file_module; chunk=5
B051,tester/swatplus_docs_20260130/src/sdr_read.f90,sdr,pending,anchor=input_file_module; chunk=6
B051,tester/swatplus_docs_20260130/src/sep_read.f90,sep,pending,anchor=input_file_module; chunk=6
B051,tester/swatplus_docs_20260130/src/septic_parm_read.f90,septic,pending,anchor=input_file_module; chunk=6
B051,tester/swatplus_docs_20260130/src/snowdb_read.f90,snowdb,pending,anchor=input_file_module; chunk=6
B051,tester/swatplus_docs_20260130/src/soil_db_read.f90,soil,pending,anchor=input_file_module; chunk=6
B051,tester/swatplus_docs_20260130/src/soil_lte_db_read.f90,soil,pending,anchor=input_file_module; chunk=6
B051,tester/swatplus_docs_20260130/src/solt_db_read.f90,solt,pending,anchor=input_file_module; chunk=6
B051,tester/swatplus_docs_20260130/src/till_parm_read.f90,till,pending,anchor=input_file_module; chunk=6
B051,tester/swatplus_docs_20260130/src/topo_read.f90,topo,pending,anchor=input_file_module; chunk=6
B051,tester/swatplus_docs_20260130/src/urban_parm_read.f90,urban,pending,anchor=input_file_module; chunk=6
B051,tester/swatplus_docs_20260130/src/water_allocation_read.f90,water,pending,anchor=input_file_module; chunk=6
B051,tester/swatplus_docs_20260130/src/water_pipe_read.f90,water,pending,anchor=input_file_module; chunk=6
B052,tester/swatplus_docs_20260130/src/water_tower_read.f90,water,pending,anchor=input_file_module; chunk=7
B052,tester/swatplus_docs_20260130/src/water_treatment_read.f90,water,pending,anchor=input_file_module; chunk=7
B052,tester/swatplus_docs_20260130/src/water_use_read.f90,water,pending,anchor=input_file_module; chunk=7
B053,tester/swatplus_docs_20260130/src/landuse_data_module.f90,landuse,pending,anchor=landuse_data_module; chunk=1
B054,tester/swatplus_docs_20260130/src/mallo_control.f90,mallo,pending,anchor=manure_allocation_module; chunk=1
B054,tester/swatplus_docs_20260130/src/manure_allocation_module.f90,manure,pending,anchor=manure_allocation_module; chunk=1
B055,tester/swatplus_docs_20260130/src/cal_conditions.f90,cal,pending,anchor=maximum_data_module; chunk=1
B055,tester/swatplus_docs_20260130/src/cs_urban_read.f90,cs,pending,anchor=maximum_data_module; chunk=1
B055,tester/swatplus_docs_20260130/src/dtbl_flocon_read.f90,dtbl,pending,anchor=maximum_data_module; chunk=1
B055,tester/swatplus_docs_20260130/src/dtbl_lum_read.f90,dtbl,pending,anchor=maximum_data_module; chunk=1
B055,tester/swatplus_docs_20260130/src/dtbl_res_read.f90,dtbl,pending,anchor=maximum_data_module; chunk=1
B055,tester/swatplus_docs_20260130/src/dtbl_scen_read.f90,dtbl,pending,anchor=maximum_data_module; chunk=1
B055,tester/swatplus_docs_20260130/src/header_water_allocation.f90,header,pending,anchor=maximum_data_module; chunk=1
B055,tester/swatplus_docs_20260130/src/hru_lte_read.f90,hru,pending,anchor=maximum_data_module; chunk=1
B055,tester/swatplus_docs_20260130/src/hru_read.f90,hru,pending,anchor=maximum_data_module; chunk=1
B055,tester/swatplus_docs_20260130/src/ls_read_parms_cal.f90,ls,pending,anchor=maximum_data_module; chunk=1
B055,tester/swatplus_docs_20260130/src/maximum_data_module.f90,maximum,pending,anchor=maximum_data_module; chunk=1
B055,tester/swatplus_docs_20260130/src/mgt_read_puddle.f90,mgt,pending,anchor=maximum_data_module; chunk=1
B056,tester/swatplus_docs_20260130/src/pl_read_parms_cal.f90,pl,pending,anchor=maximum_data_module; chunk=2
B056,tester/swatplus_docs_20260130/src/pl_write_parms_cal.f90,pl,pending,anchor=maximum_data_module; chunk=2
B056,tester/swatplus_docs_20260130/src/read_mgtops.f90,read,pending,anchor=maximum_data_module; chunk=2
B056,tester/swatplus_docs_20260130/src/res_read_salt_cs.f90,res,pending,anchor=maximum_data_module; chunk=2
B056,tester/swatplus_docs_20260130/src/salt_urban_read.f90,salt,pending,anchor=maximum_data_module; chunk=2
B056,tester/swatplus_docs_20260130/src/wet_read_salt_cs.f90,wet,pending,anchor=maximum_data_module; chunk=2
B057,tester/swatplus_docs_20260130/src/cs_fert.f90,cs,pending,anchor=mgt_operations_module; chunk=1
B057,tester/swatplus_docs_20260130/src/cs_fert_wet.f90,cs,pending,anchor=mgt_operations_module; chunk=1
B057,tester/swatplus_docs_20260130/src/mgt_operations_module.f90,mgt,pending,anchor=mgt_operations_module; chunk=1
B057,tester/swatplus_docs_20260130/src/mgt_operatn.f90,mgt,pending,anchor=mgt_operations_module; chunk=1
B057,tester/swatplus_docs_20260130/src/pest_apply.f90,pest,pending,anchor=mgt_operations_module; chunk=1
B057,tester/swatplus_docs_20260130/src/pl_fert.f90,pl,pending,anchor=mgt_operations_module; chunk=1
B057,tester/swatplus_docs_20260130/src/pl_fert_wet.f90,pl,pending,anchor=mgt_operations_module; chunk=1
B057,tester/swatplus_docs_20260130/src/pl_manure.f90,pl,pending,anchor=mgt_operations_module; chunk=1
B057,tester/swatplus_docs_20260130/src/salt_fert.f90,salt,pending,anchor=mgt_operations_module; chunk=1
B057,tester/swatplus_docs_20260130/src/salt_fert_wet.f90,salt,pending,anchor=mgt_operations_module; chunk=1
B057,tester/swatplus_docs_20260130/src/structure_set_parms.f90,structure,pending,anchor=mgt_operations_module; chunk=1
B058,tester/swatplus_docs_20260130/src/mgt_harvbiomass.f90,mgt,pending,anchor=organic_mineral_mass_module; chunk=1
B058,tester/swatplus_docs_20260130/src/nut_orgn.f90,nut,pending,anchor=organic_mineral_mass_module; chunk=1
B058,tester/swatplus_docs_20260130/src/nut_orgnc.f90,nut,pending,anchor=organic_mineral_mass_module; chunk=1
B058,tester/swatplus_docs_20260130/src/organic_mineral_mass_module.f90,organic,pending,anchor=organic_mineral_mass_module; chunk=1
B059,tester/swatplus_docs_20260130/src/hru_output_allo.f90,hru,pending,anchor=output_landscape_module; chunk=1
B059,tester/swatplus_docs_20260130/src/output_landscape_module.f90,output,pending,anchor=output_landscape_module; chunk=1
B060,tester/swatplus_docs_20260130/src/hru_pathogen_output.f90,hru,pending,anchor=output_ls_pathogen_module; chunk=1
B060,tester/swatplus_docs_20260130/src/output_ls_pathogen_module.f90,output,pending,anchor=output_ls_pathogen_module; chunk=1
B061,tester/swatplus_docs_20260130/src/aqu_pesticide_output.f90,aqu,pending,anchor=output_ls_pesticide_module; chunk=1
B061,tester/swatplus_docs_20260130/src/basin_aqu_pest_output.f90,basin,pending,anchor=output_ls_pesticide_module; chunk=1
B061,tester/swatplus_docs_20260130/src/basin_ch_pest_output.f90,basin,pending,anchor=output_ls_pesticide_module; chunk=1
B061,tester/swatplus_docs_20260130/src/basin_ls_pest_output.f90,basin,pending,anchor=output_ls_pesticide_module; chunk=1
B061,tester/swatplus_docs_20260130/src/basin_res_pest_output.f90,basin,pending,anchor=output_ls_pesticide_module; chunk=1
B061,tester/swatplus_docs_20260130/src/ch_cs_output.f90,ch,pending,anchor=output_ls_pesticide_module; chunk=1
B061,tester/swatplus_docs_20260130/src/ch_salt_output.f90,ch,pending,anchor=output_ls_pesticide_module; chunk=1
B061,tester/swatplus_docs_20260130/src/cha_pesticide_output.f90,cha,pending,anchor=output_ls_pesticide_module; chunk=1
B061,tester/swatplus_docs_20260130/src/hru_pesticide_output.f90,hru,pending,anchor=output_ls_pesticide_module; chunk=1
B061,tester/swatplus_docs_20260130/src/output_ls_pesticide_module.f90,output,pending,anchor=output_ls_pesticide_module; chunk=1
B061,tester/swatplus_docs_20260130/src/res_cs_output.f90,res,pending,anchor=output_ls_pesticide_module; chunk=1
B061,tester/swatplus_docs_20260130/src/res_pesticide_output.f90,res,pending,anchor=output_ls_pesticide_module; chunk=1
B062,tester/swatplus_docs_20260130/src/res_salt_output.f90,res,pending,anchor=output_ls_pesticide_module; chunk=2
B062,tester/swatplus_docs_20260130/src/wet_cs_output.f90,wet,pending,anchor=output_ls_pesticide_module; chunk=2
B062,tester/swatplus_docs_20260130/src/wet_salt_output.f90,wet,pending,anchor=output_ls_pesticide_module; chunk=2
B063,tester/swatplus_docs_20260130/src/output_ls_salt_module.f90,output,pending,anchor=output_ls_salt_module; chunk=1
B064,tester/swatplus_docs_20260130/src/output_path_module.f90,output,pending,anchor=output_path_module; chunk=1
B065,tester/swatplus_docs_20260130/src/path_ls_process.f90,path,pending,anchor=pathogen_data_module; chunk=1
B065,tester/swatplus_docs_20260130/src/path_ls_runoff.f90,path,pending,anchor=pathogen_data_module; chunk=1
B065,tester/swatplus_docs_20260130/src/path_ls_swrouting.f90,path,pending,anchor=pathogen_data_module; chunk=1
B065,tester/swatplus_docs_20260130/src/pathogen_data_module.f90,pathogen,pending,anchor=pathogen_data_module; chunk=1
B066,tester/swatplus_docs_20260130/src/pest_decay.f90,pest,pending,anchor=pesticide_data_module; chunk=1
B066,tester/swatplus_docs_20260130/src/pest_lch.f90,pest,pending,anchor=pesticide_data_module; chunk=1
B066,tester/swatplus_docs_20260130/src/pest_pl_up.f90,pest,pending,anchor=pesticide_data_module; chunk=1
B066,tester/swatplus_docs_20260130/src/pest_soil_tot.f90,pest,pending,anchor=pesticide_data_module; chunk=1
B066,tester/swatplus_docs_20260130/src/pest_washp.f90,pest,pending,anchor=pesticide_data_module; chunk=1
B066,tester/swatplus_docs_20260130/src/pesticide_data_module.f90,pesticide,pending,anchor=pesticide_data_module; chunk=1
B066,tester/swatplus_docs_20260130/src/swr_substor.f90,swr,pending,anchor=pesticide_data_module; chunk=1
B067,tester/swatplus_docs_20260130/src/et_pot.f90,et,pending,anchor=plant_data_module; chunk=1
B067,tester/swatplus_docs_20260130/src/mgt_sched.f90,mgt,pending,anchor=plant_data_module; chunk=1
B067,tester/swatplus_docs_20260130/src/pl_biomass_gro.f90,pl,pending,anchor=plant_data_module; chunk=1
B067,tester/swatplus_docs_20260130/src/pl_grow.f90,pl,pending,anchor=plant_data_module; chunk=1
B067,tester/swatplus_docs_20260130/src/pl_leaf_gro.f90,pl,pending,anchor=plant_data_module; chunk=1
B067,tester/swatplus_docs_20260130/src/pl_leaf_senes.f90,pl,pending,anchor=plant_data_module; chunk=1
B067,tester/swatplus_docs_20260130/src/pl_mortality.f90,pl,pending,anchor=plant_data_module; chunk=1
B067,tester/swatplus_docs_20260130/src/pl_nup.f90,pl,pending,anchor=plant_data_module; chunk=1
B067,tester/swatplus_docs_20260130/src/pl_nupd.f90,pl,pending,anchor=plant_data_module; chunk=1
B067,tester/swatplus_docs_20260130/src/pl_partition.f90,pl,pending,anchor=plant_data_module; chunk=1
B067,tester/swatplus_docs_20260130/src/pl_pupd.f90,pl,pending,anchor=plant_data_module; chunk=1
B067,tester/swatplus_docs_20260130/src/pl_root_gro.f90,pl,pending,anchor=plant_data_module; chunk=1
B068,tester/swatplus_docs_20260130/src/pl_waterup.f90,pl,pending,anchor=plant_data_module; chunk=2
B068,tester/swatplus_docs_20260130/src/plant_data_module.f90,plant,pending,anchor=plant_data_module; chunk=2
B068,tester/swatplus_docs_20260130/src/rsd_decomp.f90,rsd,pending,anchor=plant_data_module; chunk=2
B069,tester/swatplus_docs_20260130/src/hru_carbon_output.f90,hru,pending,anchor=plant_module; chunk=1
B069,tester/swatplus_docs_20260130/src/hru_output.f90,hru,pending,anchor=plant_module; chunk=1
B069,tester/swatplus_docs_20260130/src/mgt_harvresidue.f90,mgt,pending,anchor=plant_module; chunk=1
B069,tester/swatplus_docs_20260130/src/plant_all_init.f90,plant,pending,anchor=plant_module; chunk=1
B069,tester/swatplus_docs_20260130/src/plant_module.f90,plant,pending,anchor=plant_module; chunk=1
B070,tester/swatplus_docs_20260130/src/recall_module.f90,recall,pending,anchor=recall_module; chunk=1
B071,tester/swatplus_docs_20260130/src/res_cs_module.f90,res,pending,anchor=res_cs_module; chunk=1
B072,tester/swatplus_docs_20260130/src/res_pesticide_module.f90,res,pending,anchor=res_pesticide_module; chunk=1
B073,tester/swatplus_docs_20260130/src/res_salt_module.f90,res,pending,anchor=res_salt_module; chunk=1
B074,tester/swatplus_docs_20260130/src/cond_integer_c.f90,cond,pending,anchor=reservoir_conditions_module; chunk=1
B074,tester/swatplus_docs_20260130/src/cond_real_c.f90,cond,pending,anchor=reservoir_conditions_module; chunk=1
B074,tester/swatplus_docs_20260130/src/res_read_conds.f90,res,pending,anchor=reservoir_conditions_module; chunk=1
B074,tester/swatplus_docs_20260130/src/res_rel_conds.f90,res,pending,anchor=reservoir_conditions_module; chunk=1
B074,tester/swatplus_docs_20260130/src/reservoir_conditions_module.f90,reservoir,pending,anchor=reservoir_conditions_module; chunk=1
B075,tester/swatplus_docs_20260130/src/res_cs.f90,res,pending,anchor=reservoir_data_module; chunk=1
B075,tester/swatplus_docs_20260130/src/res_hydro.f90,res,pending,anchor=reservoir_data_module; chunk=1
B075,tester/swatplus_docs_20260130/src/res_nutrient.f90,res,pending,anchor=reservoir_data_module; chunk=1
B075,tester/swatplus_docs_20260130/src/res_pest.f90,res,pending,anchor=reservoir_data_module; chunk=1
B075,tester/swatplus_docs_20260130/src/res_salt.f90,res,pending,anchor=reservoir_data_module; chunk=1
B075,tester/swatplus_docs_20260130/src/res_sediment.f90,res,pending,anchor=reservoir_data_module; chunk=1
B075,tester/swatplus_docs_20260130/src/res_weir_release.f90,res,pending,anchor=reservoir_data_module; chunk=1
B075,tester/swatplus_docs_20260130/src/reservoir_data_module.f90,reservoir,pending,anchor=reservoir_data_module; chunk=1
B075,tester/swatplus_docs_20260130/src/wet_cs.f90,wet,pending,anchor=reservoir_data_module; chunk=1
B075,tester/swatplus_docs_20260130/src/wet_irrp.f90,wet,pending,anchor=reservoir_data_module; chunk=1
B075,tester/swatplus_docs_20260130/src/wet_salt.f90,wet,pending,anchor=reservoir_data_module; chunk=1
B075,tester/swatplus_docs_20260130/src/wetland_control.f90,wetland,pending,anchor=reservoir_data_module; chunk=1
B076,tester/swatplus_docs_20260130/src/res_allo.f90,res,pending,anchor=reservoir_module; chunk=1
B076,tester/swatplus_docs_20260130/src/res_initial.f90,res,pending,anchor=reservoir_module; chunk=1
B076,tester/swatplus_docs_20260130/src/res_objects.f90,res,pending,anchor=reservoir_module; chunk=1
B076,tester/swatplus_docs_20260130/src/reservoir_module.f90,reservoir,pending,anchor=reservoir_module; chunk=1
B076,tester/swatplus_docs_20260130/src/wet_initial.f90,wet,pending,anchor=reservoir_module; chunk=1
B077,tester/swatplus_docs_20260130/src/ru_module.f90,ru,pending,anchor=ru_module; chunk=1
B077,tester/swatplus_docs_20260130/src/time_conc_init.f90,time,pending,anchor=ru_module; chunk=1
B078,tester/swatplus_docs_20260130/src/salt_aquifer.f90,salt,pending,anchor=salt_aquifer; chunk=1
B079,tester/swatplus_docs_20260130/src/salt_data_module.f90,salt,pending,anchor=salt_data_module; chunk=1
B080,tester/swatplus_docs_20260130/src/salt_module.f90,salt,pending,anchor=salt_module; chunk=1
B081,tester/swatplus_docs_20260130/src/cal_allo_init.f90,cal,pending,anchor=sd_channel_module; chunk=1
B081,tester/swatplus_docs_20260130/src/calsoft_ave_output.f90,calsoft,pending,anchor=sd_channel_module; chunk=1
B081,tester/swatplus_docs_20260130/src/calsoft_control.f90,calsoft,pending,anchor=sd_channel_module; chunk=1
B081,tester/swatplus_docs_20260130/src/calsoft_sum_output.f90,calsoft,pending,anchor=sd_channel_module; chunk=1
B081,tester/swatplus_docs_20260130/src/header_sd_channel.f90,header,pending,anchor=sd_channel_module; chunk=1
B081,tester/swatplus_docs_20260130/src/rcurv_interp_dep.f90,rcurv,pending,anchor=sd_channel_module; chunk=1
B081,tester/swatplus_docs_20260130/src/rcurv_interp_flo.f90,rcurv,pending,anchor=sd_channel_module; chunk=1
B081,tester/swatplus_docs_20260130/src/sd_chanbud_output.f90,sd,pending,anchor=sd_channel_module; chunk=1
B081,tester/swatplus_docs_20260130/src/sd_chanmorph_output.f90,sd,pending,anchor=sd_channel_module; chunk=1
B081,tester/swatplus_docs_20260130/src/sd_channel_control3.f90,sd,pending,anchor=sd_channel_module; chunk=1
B081,tester/swatplus_docs_20260130/src/sd_channel_module.f90,sd,pending,anchor=sd_channel_module; chunk=1
B081,tester/swatplus_docs_20260130/src/sd_channel_output.f90,sd,pending,anchor=sd_channel_module; chunk=1
B082,tester/swatplus_docs_20260130/src/sd_rating_curve.f90,sd,pending,anchor=sd_channel_module; chunk=2
B082,tester/swatplus_docs_20260130/src/wet_fp_init.f90,wet,pending,anchor=sd_channel_module; chunk=2
B083,tester/swatplus_docs_20260130/src/cbn_rsd_decomp.f90,cbn,pending,anchor=septic_data_module; chunk=1
B083,tester/swatplus_docs_20260130/src/nut_nitvol.f90,nut,pending,anchor=septic_data_module; chunk=1
B083,tester/swatplus_docs_20260130/src/nut_nminrl.f90,nut,pending,anchor=septic_data_module; chunk=1
B083,tester/swatplus_docs_20260130/src/sep_biozone.f90,sep,pending,anchor=septic_data_module; chunk=1
B083,tester/swatplus_docs_20260130/src/septic_data_module.f90,septic,pending,anchor=septic_data_module; chunk=1
B083,tester/swatplus_docs_20260130/src/stor_surfstor.f90,stor,pending,anchor=septic_data_module; chunk=1
B083,tester/swatplus_docs_20260130/src/swr_percmicro.f90,swr,pending,anchor=septic_data_module; chunk=1
B084,tester/swatplus_docs_20260130/src/soil_data_module.f90,soil,pending,anchor=soil_data_module; chunk=1
B085,tester/swatplus_docs_20260130/src/calsoft_hyd_bfr.f90,calsoft,pending,anchor=soil_module; chunk=1
B085,tester/swatplus_docs_20260130/src/cn2_init_all.f90,cn2,pending,anchor=soil_module; chunk=1
B085,tester/swatplus_docs_20260130/src/mgt_tillfactor.f90,mgt,pending,anchor=soil_module; chunk=1
B085,tester/swatplus_docs_20260130/src/soil_awc_init.f90,soil,pending,anchor=soil_module; chunk=1
B085,tester/swatplus_docs_20260130/src/soil_module.f90,soil,pending,anchor=soil_module; chunk=1
B085,tester/swatplus_docs_20260130/src/soil_nutcarb_write.f90,soil,pending,anchor=soil_module; chunk=1
B085,tester/swatplus_docs_20260130/src/soil_phys_init.f90,soil,pending,anchor=soil_module; chunk=1
B085,tester/swatplus_docs_20260130/src/soil_text_init.f90,soil,pending,anchor=soil_module; chunk=1
B085,tester/swatplus_docs_20260130/src/soils_test_adjust.f90,soils,pending,anchor=soil_module; chunk=1
B086,tester/swatplus_docs_20260130/src/soil_nutcarb_module.f90,soil,pending,anchor=soil_nutcarb_module; chunk=1
B087,tester/swatplus_docs_20260130/src/tiles_data_module.f90,tiles,pending,anchor=tiles_data_module; chunk=1
B088,tester/swatplus_docs_20260130/src/mgt_newtillmix.f90,mgt,pending,anchor=tillage_data_module; chunk=1
B088,tester/swatplus_docs_20260130/src/mgt_newtillmix_wet.f90,mgt,pending,anchor=tillage_data_module; chunk=1
B088,tester/swatplus_docs_20260130/src/tillage_data_module.f90,tillage,pending,anchor=tillage_data_module; chunk=1
B089,tester/swatplus_docs_20260130/src/aqu_cs_output.f90,aqu,pending,anchor=time_module; chunk=1
B089,tester/swatplus_docs_20260130/src/aqu_salt_output.f90,aqu,pending,anchor=time_module; chunk=1
B089,tester/swatplus_docs_20260130/src/aquifer_output.f90,aquifer,pending,anchor=time_module; chunk=1
B089,tester/swatplus_docs_20260130/src/basin_aquifer_output.f90,basin,pending,anchor=time_module; chunk=1
B089,tester/swatplus_docs_20260130/src/basin_chanbud_output.f90,basin,pending,anchor=time_module; chunk=1
B089,tester/swatplus_docs_20260130/src/basin_chanmorph_output.f90,basin,pending,anchor=time_module; chunk=1
B089,tester/swatplus_docs_20260130/src/basin_channel_output.f90,basin,pending,anchor=time_module; chunk=1
B089,tester/swatplus_docs_20260130/src/basin_output.f90,basin,pending,anchor=time_module; chunk=1
B089,tester/swatplus_docs_20260130/src/basin_recall_output.f90,basin,pending,anchor=time_module; chunk=1
B089,tester/swatplus_docs_20260130/src/basin_reservoir_output.f90,basin,pending,anchor=time_module; chunk=1
B089,tester/swatplus_docs_20260130/src/basin_sdchannel_output.f90,basin,pending,anchor=time_module; chunk=1
B089,tester/swatplus_docs_20260130/src/basin_sw_init.f90,basin,pending,anchor=time_module; chunk=1
B090,tester/swatplus_docs_20260130/src/channel_output.f90,channel,pending,anchor=time_module; chunk=2
B090,tester/swatplus_docs_20260130/src/cli_bounds_check.f90,cli,pending,anchor=time_module; chunk=2
B090,tester/swatplus_docs_20260130/src/command.f90,command.f90,pending,anchor=time_module; chunk=2
B090,tester/swatplus_docs_20260130/src/curno.f90,curno.f90,pending,anchor=time_module; chunk=2
B090,tester/swatplus_docs_20260130/src/flow_dur_curve.f90,flow,pending,anchor=time_module; chunk=2
B090,tester/swatplus_docs_20260130/src/hru_cs_output.f90,hru,pending,anchor=time_module; chunk=2
B090,tester/swatplus_docs_20260130/src/hru_lte_output.f90,hru,pending,anchor=time_module; chunk=2
B090,tester/swatplus_docs_20260130/src/hru_salt_output.f90,hru,pending,anchor=time_module; chunk=2
B090,tester/swatplus_docs_20260130/src/hydout_output.f90,hydout,pending,anchor=time_module; chunk=2
B090,tester/swatplus_docs_20260130/src/icl.f90,icl.f90,pending,anchor=time_module; chunk=2
B090,tester/swatplus_docs_20260130/src/jdt.f90,jdt.f90,pending,anchor=time_module; chunk=2
B090,tester/swatplus_docs_20260130/src/lsreg_output.f90,lsreg,pending,anchor=time_module; chunk=2
B091,tester/swatplus_docs_20260130/src/lsu_output.f90,lsu,pending,anchor=time_module; chunk=3
B091,tester/swatplus_docs_20260130/src/main.f90,main.f90,pending,anchor=time_module; chunk=3
B091,tester/swatplus_docs_20260130/src/manure_demand_output.f90,manure,pending,anchor=time_module; chunk=3
B091,tester/swatplus_docs_20260130/src/manure_source_output.f90,manure,pending,anchor=time_module; chunk=3
B091,tester/swatplus_docs_20260130/src/obj_output.f90,obj,pending,anchor=time_module; chunk=3
B091,tester/swatplus_docs_20260130/src/proc_bsn.f90,proc,pending,anchor=time_module; chunk=3
B091,tester/swatplus_docs_20260130/src/proc_date_time.f90,proc,pending,anchor=time_module; chunk=3
B091,tester/swatplus_docs_20260130/src/recall_output.f90,recall,pending,anchor=time_module; chunk=3
B091,tester/swatplus_docs_20260130/src/reservoir_output.f90,reservoir,pending,anchor=time_module; chunk=3
B091,tester/swatplus_docs_20260130/src/ru_cs_output.f90,ru,pending,anchor=time_module; chunk=3
B091,tester/swatplus_docs_20260130/src/ru_output.f90,ru,pending,anchor=time_module; chunk=3
B091,tester/swatplus_docs_20260130/src/ru_salt_output.f90,ru,pending,anchor=time_module; chunk=3
B092,tester/swatplus_docs_20260130/src/sq_snom.f90,sq,pending,anchor=time_module; chunk=4
B092,tester/swatplus_docs_20260130/src/time_module.f90,time,pending,anchor=time_module; chunk=4
B092,tester/swatplus_docs_20260130/src/time_read.f90,time,pending,anchor=time_module; chunk=4
B092,tester/swatplus_docs_20260130/src/varinit.f90,varinit.f90,pending,anchor=time_module; chunk=4
B092,tester/swatplus_docs_20260130/src/wallo_allo_output.f90,wallo,pending,anchor=time_module; chunk=4
B092,tester/swatplus_docs_20260130/src/wallo_treat_output.f90,wallo,pending,anchor=time_module; chunk=4
B092,tester/swatplus_docs_20260130/src/wallo_trn_output.f90,wallo,pending,anchor=time_module; chunk=4
B092,tester/swatplus_docs_20260130/src/wallo_use_output.f90,wallo,pending,anchor=time_module; chunk=4
B092,tester/swatplus_docs_20260130/src/wetland_output.f90,wetland,pending,anchor=time_module; chunk=4
B092,tester/swatplus_docs_20260130/src/xmon.f90,xmon.f90,pending,anchor=time_module; chunk=4
B093,tester/swatplus_docs_20260130/src/topography_data_module.f90,topography,pending,anchor=topography_data_module; chunk=1
B094,tester/swatplus_docs_20260130/src/ero_ovrsed.f90,ero,pending,anchor=urban_data_module; chunk=1
B094,tester/swatplus_docs_20260130/src/sq_daycn.f90,sq,pending,anchor=urban_data_module; chunk=1
B094,tester/swatplus_docs_20260130/src/sq_greenampt.f90,sq,pending,anchor=urban_data_module; chunk=1
B094,tester/swatplus_docs_20260130/src/urban_data_module.f90,urban,pending,anchor=urban_data_module; chunk=1
B095,tester/swatplus_docs_20260130/src/utils.f90,utils.f90,pending,anchor=utils; chunk=1
B095,tester/swatplus_docs_20260130/src/wq_k2m.f90,wq,pending,anchor=utils; chunk=1
B095,tester/swatplus_docs_20260130/src/wq_semianalyt.f90,wq,pending,anchor=utils; chunk=1
B096,tester/swatplus_docs_20260130/src/cs_irrig.f90,cs,pending,anchor=water_allocation_module; chunk=1
B096,tester/swatplus_docs_20260130/src/salt_irrig.f90,salt,pending,anchor=water_allocation_module; chunk=1
B096,tester/swatplus_docs_20260130/src/wallo_control.f90,wallo,pending,anchor=water_allocation_module; chunk=1
B096,tester/swatplus_docs_20260130/src/wallo_demand.f90,wallo,pending,anchor=water_allocation_module; chunk=1
B096,tester/swatplus_docs_20260130/src/wallo_transfer.f90,wallo,pending,anchor=water_allocation_module; chunk=1
B096,tester/swatplus_docs_20260130/src/wallo_treatment.f90,wallo,pending,anchor=water_allocation_module; chunk=1
B096,tester/swatplus_docs_20260130/src/wallo_use.f90,wallo,pending,anchor=water_allocation_module; chunk=1
B096,tester/swatplus_docs_20260130/src/wallo_withdraw.f90,wallo,pending,anchor=water_allocation_module; chunk=1
B096,tester/swatplus_docs_20260130/src/water_allocation_module.f90,water,pending,anchor=water_allocation_module; chunk=1
B097,tester/swatplus_docs_20260130/src/water_body_module.f90,water,pending,anchor=water_body_module; chunk=1
B098,tester/swatplus_docs_20260130/src/ascrv.f90,ascrv.f90,pending,anchor=zz_ascrv.f90; chunk=1
B099,tester/swatplus_docs_20260130/src/atri.f90,atri.f90,pending,anchor=zz_atri.f90; chunk=1
B100,tester/swatplus_docs_20260130/src/aunif.f90,aunif.f90,pending,anchor=zz_aunif.f90; chunk=1
B101,tester/swatplus_docs_20260130/src/chg_par.f90,chg,pending,anchor=zz_chg; chunk=1
B102,tester/swatplus_docs_20260130/src/cli_dstn1.f90,cli,pending,anchor=zz_cli; chunk=1
B103,tester/swatplus_docs_20260130/src/copy_file.f90,copy,pending,anchor=zz_copy; chunk=1
B104,tester/swatplus_docs_20260130/src/ee.f90,ee.f90,pending,anchor=zz_ee.f90; chunk=1
B105,tester/swatplus_docs_20260130/src/erfc.f90,erfc.f90,pending,anchor=zz_erfc.f90; chunk=1
B106,tester/swatplus_docs_20260130/src/fcgd.f90,fcgd.f90,pending,anchor=zz_fcgd.f90; chunk=1
B107,tester/swatplus_docs_20260130/src/nut_np_flow.f90,nut,pending,anchor=zz_nut; chunk=1
B108,tester/swatplus_docs_20260130/src/nuts.f90,nuts.f90,pending,anchor=zz_nuts.f90; chunk=1
B109,tester/swatplus_docs_20260130/src/proc_db.f90,proc,pending,anchor=zz_proc; chunk=1
B109,tester/swatplus_docs_20260130/src/proc_open.f90,proc,pending,anchor=zz_proc; chunk=1
B109,tester/swatplus_docs_20260130/src/proc_read.f90,proc,pending,anchor=zz_proc; chunk=1
B110,tester/swatplus_docs_20260130/src/qman.f90,qman.f90,pending,anchor=zz_qman.f90; chunk=1
B111,tester/swatplus_docs_20260130/src/search.f90,search.f90,pending,anchor=zz_search.f90; chunk=1
B112,tester/swatplus_docs_20260130/src/theta.f90,theta.f90,pending,anchor=zz_theta.f90; chunk=1
