input_file,procedures,derived_types,derived_type_changes
aqu_catunit.def,aqu_read_elements,acu_reg,
aqu_catunit.ele,aqu_read_elements,acu_elem,
aqu_cha.lin,aqu2d_read,aq_ch,
aquifer.aqu,aqu_read,aquifer_database,
aquifer.con,hyd_read_connect,ob,
atmodep.cli,cli_read_atmodep,atmodep;atmodep_cont,
basins_carbon.tes,carbon_read,carbon_terrestrial_inputs,
bmpuser.str,scen_read_bmpuser,bmpuser_operation,
cal_parms.cal,cal_parm_read,calibration_parameters,
calibration.cal,cal_parmchg_read,cal_upd,
ch_catunit.def,ch_read_elements,ccu_out,
ch_reg.def,ch_read_elements,ccu_reg,
ch_sed_budget.sft,ch_read_orders_cal,chcal,
ch_sed_parms.sft,ch_read_parms_cal,ch_prms,
chan-surf.lin,overbank_read,sd_ch,
chandeg.con,hyd_read_connect,ob,
channel-lte.cha,sd_channel_read,sd_dat,
channel.cha,ch_read,channel_data_char_input,
channel.con,hyd_read_connect,ob,
chem_app.ops,mgt_read_chemapp,chemical_application_operation,
cntable.lum,cntbl_read,curvenumber_table,
co2_yr.dat,co2_read,co2_inc,
codes.bsn,basin_read_cc,basin_control_codes,
codes.sft,calsoft_read_codes,soft_calibration_codes,
cons_practice.lum,cons_prac_read,conservation_practice_table,
constituents.cs,constit_db_read,cs_db,
cs_aqu.ini,cs_aqu_read,cs_aqu_ini,
cs_atmo.cli,cli_read_atmodep_cs,atmodep_cs,
cs_channel.ini,cs_cha_read,cs_cha_ini,
cs_hru.ini,cs_hru_read,cs_soil_ini,
cs_irrigation,cs_irr_read,cs_water_irr,
cs_plants_boron,cs_plant_read,,
cs_reactions,cs_reactions_read,,
cs_recall.rec,recall_read_cs,rec_cs,
cs_res,res_read_csdb,reservoir_cs_data,
cs_streamobs,cs_cha_read,,
cs_uptake,cs_uptake_read,,
cs_urban,cs_urban_read,,
delratio.con,hyd_read_connect,ob,
delratio.del,dr_db_read;dr_read,delivery_ratio_datafiles;organic_mineral_hydrograph,
dr_hmet.del,dr_read_hmet,dr_hmet,
dr_om.del,dr_read_om,hyd_output,
dr_path.del,dr_path_read,dr_path,
dr_pest.del,dr_read_pest,dr_pest,
dr_salt.del,dr_read_salt,dr_salt,
element.ccu,ch_read_elements,ccu_elem,
exco.con,hyd_read_connect,ob,
exco.exc,exco_db_read;exco_read,export_coefficient_datafiles,
exco_hmet.exc,exco_read_hmet,exco_hmet,
exco_om.exc,exco_read_om,hyd_output,
exco_path.exc,exco_read_path,exco_path,
exco_pest.exc,exco_read_pest,exco_pest,
exco_salt.exc,exco_read_salt,exco_salt,
fertilizer.frt,fert_parm_read,fertilizer_db,
fertilizer.frt_cs,cs_fert_read,fert_db_cs,
field.fld,field_read,fields_db,
file.cio,readcio_read,input_aqu;input_basin;input_cha;input_chg;input_cli;input_con;input_condition;input_delr;input_exco;input_herd;input_hru;input_hydrology;input_init;input_link;input_lum;input_ops;input_parameter_databases;input_path_hmd;input_path_pcp;input_path_slr;input_path_tmp;input_path_wnd;input_rec;input_regions;input_res;input_ru;input_sim;input_soils;input_structural;input_water_rights,
filterstrip.str,scen_read_filtstrip,filtstrip_operation,
fire.ops,mgt_read_fireops,fire_operation,
flo_con.dtl,dtbl_flocon_read,dtbl_flo,
grassedww.str,scen_read_grwway,grwaterway_operation,
graze.ops,mgt_read_grazeops,grazeop_db,
gwflow.canals,gwflow_read,,
gwflow.cellhru,gwflow_read,,
gwflow.chancells,basin_read_objs;gwflow_chan_read,,
gwflow.floodplain,gwflow_read,,
gwflow.hru_pump_observe,gwflow_read,,
gwflow.hrucell,gwflow_read,,
gwflow.huc12cell,gwflow_read,,
gwflow.input,gwflow_read,cell_con;gw_state,
gwflow.lsucell,gwflow_read,,
gwflow.pumpex,gwflow_read,,
gwflow.rescells,gwflow_read,,
gwflow.solutes,gwflow_read,gwsol_state,
gwflow.streamobs,gwflow_read,,
gwflow.tiles,gwflow_read,gw_state,
gwflow.wetland,wet_read_hyd,,
harv.ops,mgt_read_harvops,harvest_operation,
hmd(i)%filename,cli_hmeas,hmd,
hmd.cli,cli_hmeas,hmd,
hmet_hru.ini,hmet_hru_aqu_read,hmet_soil_ini,
hru-data.hru,hru_read,hru_db,
hru-lte.con,hyd_read_connect,ob,
hru-lte.hru,hru_lte_read,swatdeg_hru_data,
hru.con,gwflow_read;hyd_read_connect,ob,
hyd-sed-lte.cha,sd_hydsed_read,swatdeg_hydsed_data,
hydrology.cha,ch_read_hyd,channel_hyd_data,
hydrology.hyd,hydrol_read,hydrology_db,
hydrology.res,res_read_hyd,reservoir_hyd_data,
hydrology.wet,wet_read_hyd,wetland_hyd_data,
initial.aqu,aqu_read_init,aquifer_init_data_char,
initial.aqu_cs,aqu_read_init_cs,aquifer_init_data_char_cs,
initial.cha,ch_read_init,channel_init_datafiles,
initial.cha_cs,ch_read_init_cs,channel_init_datafiles_cs,
initial.res,res_read_init,reservoir_init_data_char,
irr.ops,mgt_read_irrops,irrigation_operation,
landuse.lum,landuse_read,land_use_management,
ls_reg.def,reg_read_elements,lsu_reg;lum_grp,
ls_reg.ele,reg_read_elements,reg_elem,
ls_unit.def,lsu_read_elements,lsu_out,
ls_unit.ele,lsu_read_elements,lsu_elem,
lsu_elem_upd,hru_fr_change,lsu_elem,
lum.dtl,dtbl_lum_read,dtbl_lum,
management.sch,mgt_read_mgtops,,
manure_allo.mnu,manure_allocation_read,mallo,
nutrients.cha,ch_read_nut,channel_nut_data,
nutrients.res,res_read_nut,reservoir_nut_data,
nutrients.rte,rte_read_nut,routing_nut_data,
nutrients.sol,solt_db_read,soiltest_db,
object.cnt,basin_read_objs,basin_inputs;spatial_objects,
object.prt,object_read_output,ob_out,
om_water.ini,om_water_init,hyd_output,
outlet.con,hyd_read_connect,ob,
ovn_table.lum,overland_n_read,overlandflow_n_table,
parameters.bsn,basin_read_prm,basin_parms,
path_hru.ini,path_hru_aqu_read,path_soil_ini,
path_water.ini,path_cha_res_read,path_water_ini,
pathogens.pth,path_parm_read,pathogen_db,
pcp(i)%filename,cli_pmeas,pcp,
pcp.cli,cli_pmeas,pcp,
pest.com,recall_read,rec_pest,
pest_hru.ini,pest_hru_aqu_read,pest_soil_ini,
pest_metabolite.pes,pest_metabolite_read,pestcp,
pest_water.ini,pest_cha_res_read,pest_water_ini,
pesticide.pes,pest_parm_read,pesticide_db,
pet.cli,basin_read_cc;cli_petmeas,petm,
petm(i)%filename,cli_petmeas,petm,
plant.ini,readpcom,,
plant_gro.sft,pl_read_regions_cal,plcal,
plant_parms.sft,pl_read_parms_cal,pl_prms,
plants.plt,plant_parm_read,plant_db,
print.prt,basin_print_codes_read,pco,
puddle.ops,mgt_read_puddle,puddle_operation,
rec_catunit.def,rec_read_elements,pcu_out,
rec_catunit.ele,rec_read_elements,pcu_elem,
rec_cs(i)%filename,recall_read_cs,rec_cs,
rec_pest(i)%filename,recall_read,recall,
rec_reg.def,rec_read_elements,pcu_reg,
rec_salt(i)%filename,recall_read_salt,rec_salt,
recall(i)%filename,recall_read,hyd_output;recall,
recall.con,hyd_read_connect,ob,
recall.rec,recall_read,recall,
res_catunit.def,res_read_elements,rcu_out,
res_catunit.ele,res_read_elements,rcu_elem,
res_conds.dat,res_read_conds,ctbl,
res_reg.def,res_read_elements,rcu_cal,
res_rel.dtl,dtbl_res_read,dtbl_res,
reservoir.con,hyd_read_connect,ob,
reservoir.res,res_read,reservoir_data_char_input,
reservoir.res_cs,res_read_salt_cs,reservoir_data_char_input_cs,
rout_unit.con,hyd_read_connect,ob,
rout_unit.def,ru_read_elements,ru_def,
rout_unit.ele,ru_read_elements,ru_elem,
rout_unit.rtu,ru_read,ru,
ru_elem_upd,hru_fr_change,ru_elem,
salt_aqu.ini,salt_aqu_read,salt_aqu_ini,
salt_atmo.cli,cli_read_atmodep_salt,atmodep_salt,
salt_channel.ini,salt_cha_read,salt_cha_ini,
salt_fertilizer.frt,salt_fert_read,fert_db_salt,
salt_hru.ini,salt_hru_aqu_read;salt_hru_read,salt_soil_ini,
salt_irrigation,salt_irr_read,salt_water_irr,
salt_plants,salt_plant_read,,
salt_recall.rec,recall_read_salt,rec_salt,
salt_res,res_read_salt;res_read_saltdb,res_salt_data,
salt_road,salt_roadsalt_read,rdapp_salt,
salt_uptake,salt_uptake_read,,
salt_urban,salt_urban_read,,
scen_dtl.upd,cal_cond_read,upd_cond,
scen_lu.dtl,dtbl_scen_read,dtbl_scen,
sediment.cha,ch_read_sed,channel_sed_data,
sediment.res,res_read_sed,reservoir_sed_data,
septic.sep,septic_parm_read,septic_db,
septic.str,sep_read,septic_system,
slr(i)%filename,cli_smeas,slr,
slr.cli,cli_smeas,slr,
snow.sno,snowdb_read,snow_parameters,
soil_plant.ini,soil_plant_init,sol_plt_ini,
soils.sol,soil_db_read,,
soils_lte.sol,soil_lte_db_read,soil_lte_database,
sweep.ops,mgt_read_sweepops,streetsweep_operation,
temperature.cha,ch_read_temp,water_temperature_data,
tiledrain.str,sdr_read,subsurface_drainage_parameters,
tillage.til,till_parm_read,tillage_db,
time.sim,time_read,time,
tmp(i)%filename,cli_tmeas,tmp,
tmp.cli,cli_tmeas,tmp,
topography.hyd,topo_read,topography_db,
transplant.plt,plant_transplant_read,plant_transplant_db,
urban.urb,urban_parm_read,urban_db,
usgs_annual_head,gwflow_read,,
water_allocation.wro,water_allocation_read,wallo,
water_balance.sft,lcu_read_softcal,lscal;region,
wb_parms.sft,ls_read_lsparms_cal,ls_prms,
weather-sta.cli,cli_staread,wst,
weather-wgn.cli,cli_wgnread,wgn,
weir.res,res_read_weir,reservoir_weir_outflow,
wetland.wet,wet_read,reservoir_data_char_input,
wetland.wet_cs,wet_read_salt_cs,reservoir_data_char_input_cs,
wnd(i)%filename,cli_wmeas,wnd,
wnd.cli,cli_wmeas,wnd,
