category,io_file,status,procedures_added,procedures_removed,read_sequence_changed,write_sequence_changed,io_sequence_changed,file_schema_changed,file_schema_lite_changed
input,carb_coefs.cbn,added,,,,,,,
input,gwflow.solutes.minerals,added,,,,,,,
input,manure.frt,added,,,,,,,
input,om_osrc.wal,added,,,,,,,
input,om_treat.wal,added,,,,,,,
input,om_use.wal,added,,,,,,,
input,out_src.wal,added,,,,,,,
input,outside_rcv.wal,added,,,,,,,
input,recall_db(irec)%org_min%name,added,,,,,,,
input,recall_db.rec,added,,,,,,,
input,satbuffer.str,added,,,,,,,
input,sed_nut.cha,added,,,,,,,
input,self%file_name,added,,,,,,,
input,soil_lyr_depths.sol,added,,,,,,,
input,water_canal.wal,added,,,,,,,
input,water_pipe.wal,added,,,,,,,
input,water_tower.wal,added,,,,,,,
input,water_treat.wal,added,,,,,,,
input,water_use.wal,added,,,,,,,
input,cs.res,removed,,,,,,,
input,out.key,removed,,,,,,,
input,recall(i)%filename,removed,,,,,,,
input,recall.rec,removed,,,,,,,
input,soil_plant.ini_cs,removed,,,,,,,
input,treatment.trt,removed,,,,,,,
output,"SWIFT/"" // trim(adjustl(recall_db(irec)%name))",added,,,,,,,
output,SWIFT/object_prt.swf,added,,,,,,,
output,SWIFT/recall.swf,added,,,,,,,
output,gwflow_balance_huc12_mon,added,,,,,,,
output,gwflow_flux_ppex,added,,,,,,,
output,in_con%hru_con,added,,,,,,,
output,unit_100100,added,,,,,,,
output,unit_1007,added,,,,,,,
output,unit_10108,added,,,,,,,
output,unit_2000,added,,,,,,,
output,unit_2001,added,,,,,,,
output,unit_2002,added,,,,,,,
output,unit_2003,added,,,,,,,
output,unit_2004,added,,,,,,,
output,unit_2005,added,,,,,,,
output,unit_2006,added,,,,,,,
output,unit_2007,added,,,,,,,
output,unit_2020,added,,,,,,,
output,unit_2021,added,,,,,,,
output,unit_2022,added,,,,,,,
output,unit_2023,added,,,,,,,
output,unit_2024,added,,,,,,,
output,unit_2025,added,,,,,,,
output,unit_2026,added,,,,,,,
output,unit_2027,added,,,,,,,
output,unit_2030,added,,,,,,,
output,unit_2031,added,,,,,,,
output,unit_2032,added,,,,,,,
output,unit_2033,added,,,,,,,
output,unit_2034,added,,,,,,,
output,unit_2035,added,,,,,,,
output,unit_2036,added,,,,,,,
output,unit_2037,added,,,,,,,
output,unit_2040,added,,,,,,,
output,unit_2041,added,,,,,,,
output,unit_2042,added,,,,,,,
output,unit_2043,added,,,,,,,
output,unit_2044,added,,,,,,,
output,unit_2045,added,,,,,,,
output,unit_2046,added,,,,,,,
output,unit_2047,added,,,,,,,
output,unit_2050,added,,,,,,,
output,unit_2051,added,,,,,,,
output,unit_2052,added,,,,,,,
output,unit_2053,added,,,,,,,
output,unit_2054,added,,,,,,,
output,unit_2055,added,,,,,,,
output,unit_2056,added,,,,,,,
output,unit_2057,added,,,,,,,
output,unit_2060,added,,,,,,,
output,unit_2061,added,,,,,,,
output,unit_2062,added,,,,,,,
output,unit_2063,added,,,,,,,
output,unit_2064,added,,,,,,,
output,unit_2065,added,,,,,,,
output,unit_2066,added,,,,,,,
output,unit_2067,added,,,,,,,
output,unit_2070,added,,,,,,,
output,unit_2071,added,,,,,,,
output,unit_2072,added,,,,,,,
output,unit_2073,added,,,,,,,
output,unit_2074,added,,,,,,,
output,unit_2075,added,,,,,,,
output,unit_2076,added,,,,,,,
output,unit_2077,added,,,,,,,
output,unit_2080,added,,,,,,,
output,unit_2081,added,,,,,,,
output,unit_2082,added,,,,,,,
output,unit_2083,added,,,,,,,
output,unit_2084,added,,,,,,,
output,unit_2085,added,,,,,,,
output,unit_2086,added,,,,,,,
output,unit_2087,added,,,,,,,
output,unit_2090,added,,,,,,,
output,unit_2091,added,,,,,,,
output,unit_2092,added,,,,,,,
output,unit_2093,added,,,,,,,
output,unit_2094,added,,,,,,,
output,unit_2095,added,,,,,,,
output,unit_2096,added,,,,,,,
output,unit_2097,added,,,,,,,
output,unit_2100,added,,,,,,,
output,unit_2101,added,,,,,,,
output,unit_2102,added,,,,,,,
output,unit_2103,added,,,,,,,
output,unit_2104,added,,,,,,,
output,unit_2105,added,,,,,,,
output,unit_2106,added,,,,,,,
output,unit_2107,added,,,,,,,
output,unit_2110,added,,,,,,,
output,unit_2111,added,,,,,,,
output,unit_2112,added,,,,,,,
output,unit_2113,added,,,,,,,
output,unit_2114,added,,,,,,,
output,unit_2115,added,,,,,,,
output,unit_2116,added,,,,,,,
output,unit_2117,added,,,,,,,
output,unit_2120,added,,,,,,,
output,unit_2121,added,,,,,,,
output,unit_2122,added,,,,,,,
output,unit_2123,added,,,,,,,
output,unit_2124,added,,,,,,,
output,unit_2125,added,,,,,,,
output,unit_2126,added,,,,,,,
output,unit_2127,added,,,,,,,
output,unit_2128,added,,,,,,,
output,unit_2129,added,,,,,,,
output,unit_2130,added,,,,,,,
output,unit_2131,added,,,,,,,
output,unit_2132,added,,,,,,,
output,unit_2133,added,,,,,,,
output,unit_2134,added,,,,,,,
output,unit_2135,added,,,,,,,
output,unit_2140,added,,,,,,,
output,unit_2141,added,,,,,,,
output,unit_2142,added,,,,,,,
output,unit_2143,added,,,,,,,
output,unit_2144,added,,,,,,,
output,unit_2145,added,,,,,,,
output,unit_2146,added,,,,,,,
output,unit_2147,added,,,,,,,
output,unit_2150,added,,,,,,,
output,unit_2151,added,,,,,,,
output,unit_2152,added,,,,,,,
output,unit_2153,added,,,,,,,
output,unit_2154,added,,,,,,,
output,unit_2155,added,,,,,,,
output,unit_2156,added,,,,,,,
output,unit_2157,added,,,,,,,
output,unit_2160,added,,,,,,,
output,unit_2161,added,,,,,,,
output,unit_2162,added,,,,,,,
output,unit_2163,added,,,,,,,
output,unit_2164,added,,,,,,,
output,unit_2165,added,,,,,,,
output,unit_2166,added,,,,,,,
output,unit_2167,added,,,,,,,
output,unit_2170,added,,,,,,,
output,unit_2171,added,,,,,,,
output,unit_2172,added,,,,,,,
output,unit_2173,added,,,,,,,
output,unit_2174,added,,,,,,,
output,unit_2175,added,,,,,,,
output,unit_2176,added,,,,,,,
output,unit_2177,added,,,,,,,
output,unit_2222,added,,,,,,,
output,unit_2300,added,,,,,,,
output,unit_2301,added,,,,,,,
output,unit_2302,added,,,,,,,
output,unit_2303,added,,,,,,,
output,unit_2304,added,,,,,,,
output,unit_2305,added,,,,,,,
output,unit_2306,added,,,,,,,
output,unit_2307,added,,,,,,,
output,unit_2440,added,,,,,,,
output,unit_2441,added,,,,,,,
output,unit_2442,added,,,,,,,
output,unit_2443,added,,,,,,,
output,unit_2444,added,,,,,,,
output,unit_2445,added,,,,,,,
output,unit_2446,added,,,,,,,
output,unit_2447,added,,,,,,,
output,unit_2460,added,,,,,,,
output,unit_2461,added,,,,,,,
output,unit_2462,added,,,,,,,
output,unit_2463,added,,,,,,,
output,unit_2464,added,,,,,,,
output,unit_2465,added,,,,,,,
output,unit_2466,added,,,,,,,
output,unit_2467,added,,,,,,,
output,unit_2480,added,,,,,,,
output,unit_2481,added,,,,,,,
output,unit_2482,added,,,,,,,
output,unit_2483,added,,,,,,,
output,unit_2484,added,,,,,,,
output,unit_2485,added,,,,,,,
output,unit_2486,added,,,,,,,
output,unit_2487,added,,,,,,,
output,unit_2500,added,,,,,,,
output,unit_2501,added,,,,,,,
output,unit_2502,added,,,,,,,
output,unit_2503,added,,,,,,,
output,unit_2504,added,,,,,,,
output,unit_2505,added,,,,,,,
output,unit_2506,added,,,,,,,
output,unit_2507,added,,,,,,,
output,unit_2508,added,,,,,,,
output,unit_2520,added,,,,,,,
output,unit_2521,added,,,,,,,
output,unit_2522,added,,,,,,,
output,unit_2523,added,,,,,,,
output,unit_2524,added,,,,,,,
output,unit_2525,added,,,,,,,
output,unit_2526,added,,,,,,,
output,unit_2527,added,,,,,,,
output,unit_2540,added,,,,,,,
output,unit_2541,added,,,,,,,
output,unit_2542,added,,,,,,,
output,unit_2543,added,,,,,,,
output,unit_2544,added,,,,,,,
output,unit_2545,added,,,,,,,
output,unit_2546,added,,,,,,,
output,unit_2547,added,,,,,,,
output,unit_2548,added,,,,,,,
output,unit_2549,added,,,,,,,
output,unit_2550,added,,,,,,,
output,unit_2551,added,,,,,,,
output,unit_2552,added,,,,,,,
output,unit_2553,added,,,,,,,
output,unit_2554,added,,,,,,,
output,unit_2555,added,,,,,,,
output,unit_2560,added,,,,,,,
output,unit_2561,added,,,,,,,
output,unit_2562,added,,,,,,,
output,unit_2563,added,,,,,,,
output,unit_2564,added,,,,,,,
output,unit_2565,added,,,,,,,
output,unit_2566,added,,,,,,,
output,unit_2567,added,,,,,,,
output,unit_2580,added,,,,,,,
output,unit_2581,added,,,,,,,
output,unit_2582,added,,,,,,,
output,unit_2583,added,,,,,,,
output,unit_2584,added,,,,,,,
output,unit_2585,added,,,,,,,
output,unit_2586,added,,,,,,,
output,unit_2587,added,,,,,,,
output,unit_2600,added,,,,,,,
output,unit_2601,added,,,,,,,
output,unit_2602,added,,,,,,,
output,unit_2603,added,,,,,,,
output,unit_2604,added,,,,,,,
output,unit_2605,added,,,,,,,
output,unit_2606,added,,,,,,,
output,unit_2607,added,,,,,,,
output,unit_2610,added,,,,,,,
output,unit_2611,added,,,,,,,
output,unit_2612,added,,,,,,,
output,unit_2613,added,,,,,,,
output,unit_2700,added,,,,,,,
output,unit_2701,added,,,,,,,
output,unit_2702,added,,,,,,,
output,unit_2703,added,,,,,,,
output,unit_2704,added,,,,,,,
output,unit_2705,added,,,,,,,
output,unit_2706,added,,,,,,,
output,unit_2707,added,,,,,,,
output,unit_2708,added,,,,,,,
output,unit_2709,added,,,,,,,
output,unit_2710,added,,,,,,,
output,unit_2711,added,,,,,,,
output,unit_2712,added,,,,,,,
output,unit_2713,added,,,,,,,
output,unit_2714,added,,,,,,,
output,unit_2715,added,,,,,,,
output,unit_2716,added,,,,,,,
output,unit_2717,added,,,,,,,
output,unit_2718,added,,,,,,,
output,unit_2719,added,,,,,,,
output,unit_2720,added,,,,,,,
output,unit_2721,added,,,,,,,
output,unit_2722,added,,,,,,,
output,unit_2723,added,,,,,,,
output,unit_2724,added,,,,,,,
output,unit_2725,added,,,,,,,
output,unit_2726,added,,,,,,,
output,unit_2727,added,,,,,,,
output,unit_2728,added,,,,,,,
output,unit_2729,added,,,,,,,
output,unit_2730,added,,,,,,,
output,unit_2731,added,,,,,,,
output,unit_2732,added,,,,,,,
output,unit_2733,added,,,,,,,
output,unit_2734,added,,,,,,,
output,unit_2735,added,,,,,,,
output,unit_2736,added,,,,,,,
output,unit_2737,added,,,,,,,
output,unit_2738,added,,,,,,,
output,unit_2739,added,,,,,,,
output,unit_2740,added,,,,,,,
output,unit_2741,added,,,,,,,
output,unit_2742,added,,,,,,,
output,unit_2743,added,,,,,,,
output,unit_2744,added,,,,,,,
output,unit_2745,added,,,,,,,
output,unit_2746,added,,,,,,,
output,unit_2747,added,,,,,,,
output,unit_2748,added,,,,,,,
output,unit_2749,added,,,,,,,
output,unit_2750,added,,,,,,,
output,unit_2751,added,,,,,,,
output,unit_2752,added,,,,,,,
output,unit_2753,added,,,,,,,
output,unit_2754,added,,,,,,,
output,unit_2755,added,,,,,,,
output,unit_2756,added,,,,,,,
output,unit_2757,added,,,,,,,
output,unit_2758,added,,,,,,,
output,unit_2759,added,,,,,,,
output,unit_2760,added,,,,,,,
output,unit_2761,added,,,,,,,
output,unit_2762,added,,,,,,,
output,unit_2763,added,,,,,,,
output,unit_2764,added,,,,,,,
output,unit_2765,added,,,,,,,
output,unit_2766,added,,,,,,,
output,unit_2767,added,,,,,,,
output,unit_2768,added,,,,,,,
output,unit_2769,added,,,,,,,
output,unit_2770,added,,,,,,,
output,unit_2771,added,,,,,,,
output,unit_2790,added,,,,,,,
output,unit_2791,added,,,,,,,
output,unit_2792,added,,,,,,,
output,unit_2793,added,,,,,,,
output,unit_2794,added,,,,,,,
output,unit_2795,added,,,,,,,
output,unit_2796,added,,,,,,,
output,unit_2797,added,,,,,,,
output,unit_2800,added,,,,,,,
output,unit_2801,added,,,,,,,
output,unit_2802,added,,,,,,,
output,unit_2803,added,,,,,,,
output,unit_2804,added,,,,,,,
output,unit_2805,added,,,,,,,
output,unit_2806,added,,,,,,,
output,unit_2807,added,,,,,,,
output,unit_2808,added,,,,,,,
output,unit_2809,added,,,,,,,
output,unit_2810,added,,,,,,,
output,unit_2811,added,,,,,,,
output,unit_2812,added,,,,,,,
output,unit_2813,added,,,,,,,
output,unit_2814,added,,,,,,,
output,unit_2815,added,,,,,,,
output,unit_2816,added,,,,,,,
output,unit_2817,added,,,,,,,
output,unit_2818,added,,,,,,,
output,unit_2819,added,,,,,,,
output,unit_2820,added,,,,,,,
output,unit_2821,added,,,,,,,
output,unit_2822,added,,,,,,,
output,unit_2823,added,,,,,,,
output,unit_2832,added,,,,,,,
output,unit_2833,added,,,,,,,
output,unit_2834,added,,,,,,,
output,unit_2835,added,,,,,,,
output,unit_2836,added,,,,,,,
output,unit_2837,added,,,,,,,
output,unit_2838,added,,,,,,,
output,unit_2839,added,,,,,,,
output,unit_2848,added,,,,,,,
output,unit_2849,added,,,,,,,
output,unit_2850,added,,,,,,,
output,unit_2851,added,,,,,,,
output,unit_2852,added,,,,,,,
output,unit_2853,added,,,,,,,
output,unit_2854,added,,,,,,,
output,unit_2855,added,,,,,,,
output,unit_2864,added,,,,,,,
output,unit_2865,added,,,,,,,
output,unit_2866,added,,,,,,,
output,unit_2867,added,,,,,,,
output,unit_2868,added,,,,,,,
output,unit_2869,added,,,,,,,
output,unit_2870,added,,,,,,,
output,unit_2871,added,,,,,,,
output,unit_3000,added,,,,,,,
output,unit_3001,added,,,,,,,
output,unit_3002,added,,,,,,,
output,unit_3003,added,,,,,,,
output,unit_3004,added,,,,,,,
output,unit_3005,added,,,,,,,
output,unit_3006,added,,,,,,,
output,unit_3007,added,,,,,,,
output,unit_3008,added,,,,,,,
output,unit_3009,added,,,,,,,
output,unit_3010,added,,,,,,,
output,unit_3011,added,,,,,,,
output,unit_3012,added,,,,,,,
output,unit_3013,added,,,,,,,
output,unit_3014,added,,,,,,,
output,unit_3015,added,,,,,,,
output,unit_3110,added,,,,,,,
output,unit_3111,added,,,,,,,
output,unit_3112,added,,,,,,,
output,unit_3113,added,,,,,,,
output,unit_3114,added,,,,,,,
output,unit_3115,added,,,,,,,
output,unit_3116,added,,,,,,,
output,unit_3117,added,,,,,,,
output,unit_3333,added,,,,,,,
output,unit_3334,added,,,,,,,
output,unit_3335,added,,,,,,,
output,unit_3336,added,,,,,,,
output,unit_3337,added,,,,,,,
output,unit_3338,added,,,,,,,
output,unit_3339,added,,,,,,,
output,unit_3340,added,,,,,,,
output,unit_3341,added,,,,,,,
output,unit_3342,added,,,,,,,
output,unit_3343,added,,,,,,,
output,unit_3344,added,,,,,,,
output,unit_3345,added,,,,,,,
output,unit_3346,added,,,,,,,
output,unit_3347,added,,,,,,,
output,unit_3348,added,,,,,,,
output,unit_3612,added,,,,,,,
output,unit_4000,added,,,,,,,
output,unit_4001,added,,,,,,,
output,unit_4008,added,,,,,,,
output,unit_4009,added,,,,,,,
output,unit_4010,added,,,,,,,
output,unit_4011,added,,,,,,,
output,unit_4500,added,,,,,,,
output,unit_4501,added,,,,,,,
output,unit_4502,added,,,,,,,
output,unit_4503,added,,,,,,,
output,unit_4504,added,,,,,,,
output,unit_4505,added,,,,,,,
output,unit_4506,added,,,,,,,
output,unit_4507,added,,,,,,,
output,unit_4520,added,,,,,,,
output,unit_4521,added,,,,,,,
output,unit_4522,added,,,,,,,
output,unit_4523,added,,,,,,,
output,unit_4524,added,,,,,,,
output,unit_4525,added,,,,,,,
output,unit_4526,added,,,,,,,
output,unit_4527,added,,,,,,,
output,unit_4530,added,,,,,,,
output,unit_4531,added,,,,,,,
output,unit_4532,added,,,,,,,
output,unit_4533,added,,,,,,,
output,unit_4534,added,,,,,,,
output,unit_4535,added,,,,,,,
output,unit_4536,added,,,,,,,
output,unit_4537,added,,,,,,,
output,unit_4540,added,,,,,,,
output,unit_4541,added,,,,,,,
output,unit_4542,added,,,,,,,
output,unit_4543,added,,,,,,,
output,unit_4545,added,,,,,,,
output,unit_4546,added,,,,,,,
output,unit_4547,added,,,,,,,
output,unit_4548,added,,,,,,,
output,unit_4549,added,,,,,,,
output,unit_4550,added,,,,,,,
output,unit_4551,added,,,,,,,
output,unit_4552,added,,,,,,,
output,unit_4553,added,,,,,,,
output,unit_4554,added,,,,,,,
output,unit_4555,added,,,,,,,
output,unit_4556,added,,,,,,,
output,unit_4557,added,,,,,,,
output,unit_4558,added,,,,,,,
output,unit_4559,added,,,,,,,
output,unit_4560,added,,,,,,,
output,unit_4561,added,,,,,,,
output,unit_4562,added,,,,,,,
output,unit_4563,added,,,,,,,
output,unit_4564,added,,,,,,,
output,unit_4565,added,,,,,,,
output,unit_4566,added,,,,,,,
output,unit_4567,added,,,,,,,
output,unit_4568,added,,,,,,,
output,unit_4570,added,,,,,,,
output,unit_4571,added,,,,,,,
output,unit_4572,added,,,,,,,
output,unit_4573,added,,,,,,,
output,unit_4574,added,,,,,,,
output,unit_4575,added,,,,,,,
output,unit_4576,added,,,,,,,
output,unit_4577,added,,,,,,,
output,unit_4578,added,,,,,,,
output,unit_4579,added,,,,,,,
output,unit_4580,added,,,,,,,
output,unit_4581,added,,,,,,,
output,unit_4582,added,,,,,,,
output,unit_4583,added,,,,,,,
output,unit_4584,added,,,,,,,
output,unit_4585,added,,,,,,,
output,unit_4586,added,,,,,,,
output,unit_4587,added,,,,,,,
output,unit_4600,added,,,,,,,
output,unit_4601,added,,,,,,,
output,unit_4602,added,,,,,,,
output,unit_4603,added,,,,,,,
output,unit_4604,added,,,,,,,
output,unit_4605,added,,,,,,,
output,unit_4606,added,,,,,,,
output,unit_4607,added,,,,,,,
output,unit_4800,added,,,,,,,
output,unit_4801,added,,,,,,,
output,unit_4802,added,,,,,,,
output,unit_4803,added,,,,,,,
output,unit_4804,added,,,,,,,
output,unit_4805,added,,,,,,,
output,unit_4806,added,,,,,,,
output,unit_4807,added,,,,,,,
output,unit_4808,added,,,,,,,
output,unit_4809,added,,,,,,,
output,unit_4810,added,,,,,,,
output,unit_4811,added,,,,,,,
output,unit_4812,added,,,,,,,
output,unit_4813,added,,,,,,,
output,unit_4814,added,,,,,,,
output,unit_4815,added,,,,,,,
output,unit_4900,added,,,,,,,
output,unit_4901,added,,,,,,,
output,unit_4902,added,,,,,,,
output,unit_4903,added,,,,,,,
output,unit_4904,added,,,,,,,
output,unit_4905,added,,,,,,,
output,unit_4906,added,,,,,,,
output,unit_4907,added,,,,,,,
output,unit_5021,added,,,,,,,
output,unit_5022,added,,,,,,,
output,unit_5023,added,,,,,,,
output,unit_5024,added,,,,,,,
output,unit_5025,added,,,,,,,
output,unit_5026,added,,,,,,,
output,unit_5027,added,,,,,,,
output,unit_5028,added,,,,,,,
output,unit_5030,added,,,,,,,
output,unit_5031,added,,,,,,,
output,unit_5032,added,,,,,,,
output,unit_5033,added,,,,,,,
output,unit_5034,added,,,,,,,
output,unit_5035,added,,,,,,,
output,unit_5036,added,,,,,,,
output,unit_5037,added,,,,,,,
output,unit_5040,added,,,,,,,
output,unit_5041,added,,,,,,,
output,unit_5042,added,,,,,,,
output,unit_5043,added,,,,,,,
output,unit_5044,added,,,,,,,
output,unit_5045,added,,,,,,,
output,unit_5046,added,,,,,,,
output,unit_5047,added,,,,,,,
output,unit_5060,added,,,,,,,
output,unit_5061,added,,,,,,,
output,unit_5062,added,,,,,,,
output,unit_5063,added,,,,,,,
output,unit_5064,added,,,,,,,
output,unit_5065,added,,,,,,,
output,unit_5066,added,,,,,,,
output,unit_5067,added,,,,,,,
output,unit_5070,added,,,,,,,
output,unit_5071,added,,,,,,,
output,unit_5072,added,,,,,,,
output,unit_5073,added,,,,,,,
output,unit_5074,added,,,,,,,
output,unit_5075,added,,,,,,,
output,unit_5076,added,,,,,,,
output,unit_5077,added,,,,,,,
output,unit_5080,added,,,,,,,
output,unit_5082,added,,,,,,,
output,unit_5084,added,,,,,,,
output,unit_5086,added,,,,,,,
output,unit_5090,added,,,,,,,
output,unit_5091,added,,,,,,,
output,unit_5092,added,,,,,,,
output,unit_5093,added,,,,,,,
output,unit_5094,added,,,,,,,
output,unit_5095,added,,,,,,,
output,unit_5096,added,,,,,,,
output,unit_5097,added,,,,,,,
output,unit_6000,added,,,,,,,
output,unit_6021,added,,,,,,,
output,unit_6022,added,,,,,,,
output,unit_6023,added,,,,,,,
output,unit_6024,added,,,,,,,
output,unit_6025,added,,,,,,,
output,unit_6026,added,,,,,,,
output,unit_6027,added,,,,,,,
output,unit_6028,added,,,,,,,
output,unit_6030,added,,,,,,,
output,unit_6031,added,,,,,,,
output,unit_6032,added,,,,,,,
output,unit_6033,added,,,,,,,
output,unit_6034,added,,,,,,,
output,unit_6035,added,,,,,,,
output,unit_6036,added,,,,,,,
output,unit_6037,added,,,,,,,
output,unit_6040,added,,,,,,,
output,unit_6041,added,,,,,,,
output,unit_6042,added,,,,,,,
output,unit_6043,added,,,,,,,
output,unit_6044,added,,,,,,,
output,unit_6045,added,,,,,,,
output,unit_6046,added,,,,,,,
output,unit_6047,added,,,,,,,
output,unit_6060,added,,,,,,,
output,unit_6061,added,,,,,,,
output,unit_6062,added,,,,,,,
output,unit_6063,added,,,,,,,
output,unit_6064,added,,,,,,,
output,unit_6065,added,,,,,,,
output,unit_6066,added,,,,,,,
output,unit_6067,added,,,,,,,
output,unit_6070,added,,,,,,,
output,unit_6071,added,,,,,,,
output,unit_6072,added,,,,,,,
output,unit_6073,added,,,,,,,
output,unit_6074,added,,,,,,,
output,unit_6075,added,,,,,,,
output,unit_6076,added,,,,,,,
output,unit_6077,added,,,,,,,
output,unit_6080,added,,,,,,,
output,unit_6082,added,,,,,,,
output,unit_6084,added,,,,,,,
output,unit_6086,added,,,,,,,
output,unit_6090,added,,,,,,,
output,unit_6091,added,,,,,,,
output,unit_6092,added,,,,,,,
output,unit_6093,added,,,,,,,
output,unit_6094,added,,,,,,,
output,unit_6095,added,,,,,,,
output,unit_6096,added,,,,,,,
output,unit_6097,added,,,,,,,
output,unit_7000,added,,,,,,,
output,unit_7001,added,,,,,,,
output,unit_9000,added,,,,,,,
output,unit_9001,added,,,,,,,
output,unit_9004,added,,,,,,,
output,unit_error_unit,added,,,,,,,
output,unit_out_sol_minl,added,,,,,,,
output,unit_out_sol_rcti,added,,,,,,,
output,unit_out_sol_rcto,added,,,,,,,
output,aquifer_aa.csv,removed,,,,,,,
output,aquifer_aa.txt,removed,,,,,,,
output,aquifer_cs_aa.csv,removed,,,,,,,
output,aquifer_cs_aa.txt,removed,,,,,,,
output,aquifer_cs_day.csv,removed,,,,,,,
output,aquifer_cs_day.txt,removed,,,,,,,
output,aquifer_cs_mon.csv,removed,,,,,,,
output,aquifer_cs_mon.txt,removed,,,,,,,
output,aquifer_cs_yr.csv,removed,,,,,,,
output,aquifer_cs_yr.txt,removed,,,,,,,
output,aquifer_day.csv,removed,,,,,,,
output,aquifer_day.txt,removed,,,,,,,
output,aquifer_mon.csv,removed,,,,,,,
output,aquifer_mon.txt,removed,,,,,,,
output,aquifer_pest_aa.csv,removed,,,,,,,
output,aquifer_pest_aa.txt,removed,,,,,,,
output,aquifer_pest_day.csv,removed,,,,,,,
output,aquifer_pest_day.txt,removed,,,,,,,
output,aquifer_pest_mon.csv,removed,,,,,,,
output,aquifer_pest_mon.txt,removed,,,,,,,
output,aquifer_pest_yr.csv,removed,,,,,,,
output,aquifer_pest_yr.txt,removed,,,,,,,
output,aquifer_salt_aa.csv,removed,,,,,,,
output,aquifer_salt_aa.txt,removed,,,,,,,
output,aquifer_salt_day.csv,removed,,,,,,,
output,aquifer_salt_day.txt,removed,,,,,,,
output,aquifer_salt_mon.csv,removed,,,,,,,
output,aquifer_salt_mon.txt,removed,,,,,,,
output,aquifer_salt_yr.csv,removed,,,,,,,
output,aquifer_salt_yr.txt,removed,,,,,,,
output,aquifer_yr.csv,removed,,,,,,,
output,aquifer_yr.txt,removed,,,,,,,
output,area_calc.out,removed,,,,,,,
output,basin_aqu_aa.csv,removed,,,,,,,
output,basin_aqu_aa.txt,removed,,,,,,,
output,basin_aqu_day.csv,removed,,,,,,,
output,basin_aqu_day.txt,removed,,,,,,,
output,basin_aqu_mon.csv,removed,,,,,,,
output,basin_aqu_mon.txt,removed,,,,,,,
output,basin_aqu_pest_aa.csv,removed,,,,,,,
output,basin_aqu_pest_aa.txt,removed,,,,,,,
output,basin_aqu_pest_day.csv,removed,,,,,,,
output,basin_aqu_pest_day.txt,removed,,,,,,,
output,basin_aqu_pest_mon.csv,removed,,,,,,,
output,basin_aqu_pest_mon.txt,removed,,,,,,,
output,basin_aqu_pest_yr.csv,removed,,,,,,,
output,basin_aqu_pest_yr.txt,removed,,,,,,,
output,basin_aqu_yr.csv,removed,,,,,,,
output,basin_aqu_yr.txt,removed,,,,,,,
output,basin_carbon_all.txt,removed,,,,,,,
output,basin_ch_pest_aa.csv,removed,,,,,,,
output,basin_ch_pest_aa.txt,removed,,,,,,,
output,basin_ch_pest_day.csv,removed,,,,,,,
output,basin_ch_pest_day.txt,removed,,,,,,,
output,basin_ch_pest_mon.csv,removed,,,,,,,
output,basin_ch_pest_mon.txt,removed,,,,,,,
output,basin_ch_pest_yr.csv,removed,,,,,,,
output,basin_ch_pest_yr.txt,removed,,,,,,,
output,basin_cha_aa.csv,removed,,,,,,,
output,basin_cha_aa.txt,removed,,,,,,,
output,basin_cha_day.csv,removed,,,,,,,
output,basin_cha_day.txt,removed,,,,,,,
output,basin_cha_mon.csv,removed,,,,,,,
output,basin_cha_mon.txt,removed,,,,,,,
output,basin_cha_yr.csv,removed,,,,,,,
output,basin_cha_yr.txt,removed,,,,,,,
output,basin_crop_yld_aa.txt,removed,,,,,,,
output,basin_crop_yld_yr.txt,removed,,,,,,,
output,basin_cs_aa.txt,removed,,,,,,,
output,basin_cs_day.txt,removed,,,,,,,
output,basin_cs_mon.txt,removed,,,,,,,
output,basin_cs_yr.txt,removed,,,,,,,
output,basin_ls_aa.csv,removed,,,,,,,
output,basin_ls_aa.txt,removed,,,,,,,
output,basin_ls_day.csv,removed,,,,,,,
output,basin_ls_day.txt,removed,,,,,,,
output,basin_ls_mon.csv,removed,,,,,,,
output,basin_ls_mon.txt,removed,,,,,,,
output,basin_ls_pest_aa.csv,removed,,,,,,,
output,basin_ls_pest_aa.txt,removed,,,,,,,
output,basin_ls_pest_day.csv,removed,,,,,,,
output,basin_ls_pest_day.txt,removed,,,,,,,
output,basin_ls_pest_mon.csv,removed,,,,,,,
output,basin_ls_pest_mon.txt,removed,,,,,,,
output,basin_ls_pest_yr.csv,removed,,,,,,,
output,basin_ls_pest_yr.txt,removed,,,,,,,
output,basin_ls_yr.csv,removed,,,,,,,
output,basin_ls_yr.txt,removed,,,,,,,
output,basin_nb_aa.csv,removed,,,,,,,
output,basin_nb_aa.txt,removed,,,,,,,
output,basin_nb_day.csv,removed,,,,,,,
output,basin_nb_day.txt,removed,,,,,,,
output,basin_nb_mon.csv,removed,,,,,,,
output,basin_nb_mon.txt,removed,,,,,,,
output,basin_nb_yr.csv,removed,,,,,,,
output,basin_nb_yr.txt,removed,,,,,,,
output,basin_psc_aa.csv,removed,,,,,,,
output,basin_psc_aa.txt,removed,,,,,,,
output,basin_psc_day.csv,removed,,,,,,,
output,basin_psc_day.txt,removed,,,,,,,
output,basin_psc_mon.csv,removed,,,,,,,
output,basin_psc_mon.txt,removed,,,,,,,
output,basin_psc_yr.csv,removed,,,,,,,
output,basin_psc_yr.txt,removed,,,,,,,
output,basin_pw_aa.csv,removed,,,,,,,
output,basin_pw_aa.txt,removed,,,,,,,
output,basin_pw_day.csv,removed,,,,,,,
output,basin_pw_day.txt,removed,,,,,,,
output,basin_pw_mon.csv,removed,,,,,,,
output,basin_pw_mon.txt,removed,,,,,,,
output,basin_pw_yr.csv,removed,,,,,,,
output,basin_pw_yr.txt,removed,,,,,,,
output,basin_res_aa.csv,removed,,,,,,,
output,basin_res_aa.txt,removed,,,,,,,
output,basin_res_day.csv,removed,,,,,,,
output,basin_res_day.txt,removed,,,,,,,
output,basin_res_mon.csv,removed,,,,,,,
output,basin_res_mon.txt,removed,,,,,,,
output,basin_res_pest_aa.csv,removed,,,,,,,
output,basin_res_pest_aa.txt,removed,,,,,,,
output,basin_res_pest_day.csv,removed,,,,,,,
output,basin_res_pest_day.txt,removed,,,,,,,
output,basin_res_pest_mon.csv,removed,,,,,,,
output,basin_res_pest_mon.txt,removed,,,,,,,
output,basin_res_pest_yr.csv,removed,,,,,,,
output,basin_res_pest_yr.txt,removed,,,,,,,
output,basin_res_yr.csv,removed,,,,,,,
output,basin_res_yr.txt,removed,,,,,,,
output,basin_salt_aa.txt,removed,,,,,,,
output,basin_salt_day.txt,removed,,,,,,,
output,basin_salt_mon.txt,removed,,,,,,,
output,basin_salt_yr.txt,removed,,,,,,,
output,basin_sd_cha_aa.csv,removed,,,,,,,
output,basin_sd_cha_aa.txt,removed,,,,,,,
output,basin_sd_cha_day.csv,removed,,,,,,,
output,basin_sd_cha_day.txt,removed,,,,,,,
output,basin_sd_cha_mon.csv,removed,,,,,,,
output,basin_sd_cha_mon.txt,removed,,,,,,,
output,basin_sd_cha_yr.csv,removed,,,,,,,
output,basin_sd_cha_yr.txt,removed,,,,,,,
output,basin_sd_chamorph_aa.csv,removed,,,,,,,
output,basin_sd_chamorph_aa.txt,removed,,,,,,,
output,basin_sd_chamorph_day.csv,removed,,,,,,,
output,basin_sd_chamorph_day.txt,removed,,,,,,,
output,basin_sd_chamorph_mon.csv,removed,,,,,,,
output,basin_sd_chamorph_mon.txt,removed,,,,,,,
output,basin_sd_chamorph_yr.csv,removed,,,,,,,
output,basin_sd_chamorph_yr.txt,removed,,,,,,,
output,basin_totc.txt,removed,,,,,,,
output,basin_wb_aa.csv,removed,,,,,,,
output,basin_wb_aa.txt,removed,,,,,,,
output,basin_wb_day.csv,removed,,,,,,,
output,basin_wb_day.txt,removed,,,,,,,
output,basin_wb_mon.csv,removed,,,,,,,
output,basin_wb_mon.txt,removed,,,,,,,
output,basin_wb_yr.csv,removed,,,,,,,
output,basin_wb_yr.txt,removed,,,,,,,
output,channel_aa.csv,removed,,,,,,,
output,channel_aa.txt,removed,,,,,,,
output,channel_cs_aa.csv,removed,,,,,,,
output,channel_cs_aa.txt,removed,,,,,,,
output,channel_cs_day.csv,removed,,,,,,,
output,channel_cs_day.txt,removed,,,,,,,
output,channel_cs_mon.csv,removed,,,,,,,
output,channel_cs_mon.txt,removed,,,,,,,
output,channel_cs_yr.csv,removed,,,,,,,
output,channel_cs_yr.txt,removed,,,,,,,
output,channel_day.csv,removed,,,,,,,
output,channel_day.txt,removed,,,,,,,
output,channel_mon.csv,removed,,,,,,,
output,channel_mon.txt,removed,,,,,,,
output,channel_mon_sdmorph.csv,removed,,,,,,,
output,channel_pest_aa.csv,removed,,,,,,,
output,channel_pest_aa.txt,removed,,,,,,,
output,channel_pest_day.csv,removed,,,,,,,
output,channel_pest_day.txt,removed,,,,,,,
output,channel_pest_mon.csv,removed,,,,,,,
output,channel_pest_mon.txt,removed,,,,,,,
output,channel_pest_yr.csv,removed,,,,,,,
output,channel_pest_yr.txt,removed,,,,,,,
output,channel_salt_aa.csv,removed,,,,,,,
output,channel_salt_aa.txt,removed,,,,,,,
output,channel_salt_day.csv,removed,,,,,,,
output,channel_salt_day.txt,removed,,,,,,,
output,channel_salt_mon.csv,removed,,,,,,,
output,channel_salt_mon.txt,removed,,,,,,,
output,channel_salt_yr.csv,removed,,,,,,,
output,channel_salt_yr.txt,removed,,,,,,,
output,channel_sd_aa.csv,removed,,,,,,,
output,channel_sd_aa.txt,removed,,,,,,,
output,channel_sd_day.csv,removed,,,,,,,
output,channel_sd_day.txt,removed,,,,,,,
output,channel_sd_mon.csv,removed,,,,,,,
output,channel_sd_mon.txt,removed,,,,,,,
output,channel_sd_subday.csv,removed,,,,,,,
output,channel_sd_subday.txt,removed,,,,,,,
output,channel_sd_yr.csv,removed,,,,,,,
output,channel_sd_yr.txt,removed,,,,,,,
output,channel_sdmorph_aa.csv,removed,,,,,,,
output,channel_sdmorph_aa.txt,removed,,,,,,,
output,channel_sdmorph_day.csv,removed,,,,,,,
output,channel_sdmorph_day.txt,removed,,,,,,,
output,channel_sdmorph_mon.txt,removed,,,,,,,
output,channel_sdmorph_yr.csv,removed,,,,,,,
output,channel_sdmorph_yr.txt,removed,,,,,,,
output,channel_yr.csv,removed,,,,,,,
output,channel_yr.txt,removed,,,,,,,
output,checker.out,removed,,,,,,,
output,co2.out,removed,,,,,,,
output,crop_yld_aa.csv,removed,,,,,,,
output,crop_yld_aa.txt,removed,,,,,,,
output,crop_yld_yr.csv,removed,,,,,,,
output,crop_yld_yr.txt,removed,,,,,,,
output,deposition_aa.csv,removed,,,,,,,
output,deposition_aa.txt,removed,,,,,,,
output,deposition_day.csv,removed,,,,,,,
output,deposition_day.txt,removed,,,,,,,
output,deposition_mon.csv,removed,,,,,,,
output,deposition_mon.txt,removed,,,,,,,
output,deposition_yr.csv,removed,,,,,,,
output,deposition_yr.txt,removed,,,,,,,
output,diagnostics.out,removed,,,,,,,
output,erosion.out,removed,,,,,,,
output,files_out.out,removed,,,,,,,
output,flow_duration_curve.out,removed,,,,,,,
output,gwflow_cell_ss,removed,,,,,,,
output,gwflow_flux_pumping_ex,removed,,,,,,,
output,hru-lte_ls_aa.csv,removed,,,,,,,
output,hru-lte_ls_aa.txt,removed,,,,,,,
output,hru-lte_ls_day.csv,removed,,,,,,,
output,hru-lte_ls_day.txt,removed,,,,,,,
output,hru-lte_ls_mon.csv,removed,,,,,,,
output,hru-lte_ls_mon.txt,removed,,,,,,,
output,hru-lte_ls_yr.csv,removed,,,,,,,
output,hru-lte_ls_yr.txt,removed,,,,,,,
output,hru-lte_pw_aa.csv,removed,,,,,,,
output,hru-lte_pw_aa.txt,removed,,,,,,,
output,hru-lte_pw_day.csv,removed,,,,,,,
output,hru-lte_pw_day.txt,removed,,,,,,,
output,hru-lte_pw_mon.csv,removed,,,,,,,
output,hru-lte_pw_mon.txt,removed,,,,,,,
output,hru-lte_pw_yr.csv,removed,,,,,,,
output,hru-lte_pw_yr.txt,removed,,,,,,,
output,hru-lte_wb_aa.csv,removed,,,,,,,
output,hru-lte_wb_aa.txt,removed,,,,,,,
output,hru-lte_wb_day.csv,removed,,,,,,,
output,hru-lte_wb_day.txt,removed,,,,,,,
output,hru-lte_wb_mon.csv,removed,,,,,,,
output,hru-lte_wb_mon.txt,removed,,,,,,,
output,hru-lte_wb_yr.csv,removed,,,,,,,
output,hru-lte_wb_yr.txt,removed,,,,,,,
output,hru_cs_aa.csv,removed,,,,,,,
output,hru_cs_aa.txt,removed,,,,,,,
output,hru_cs_day.csv,removed,,,,,,,
output,hru_cs_day.txt,removed,,,,,,,
output,hru_cs_mon.csv,removed,,,,,,,
output,hru_cs_mon.txt,removed,,,,,,,
output,hru_cs_yr.csv,removed,,,,,,,
output,hru_cs_yr.txt,removed,,,,,,,
output,hru_ls_aa.csv,removed,,,,,,,
output,hru_ls_aa.txt,removed,,,,,,,
output,hru_ls_day.csv,removed,,,,,,,
output,hru_ls_day.txt,removed,,,,,,,
output,hru_ls_mon.csv,removed,,,,,,,
output,hru_ls_mon.txt,removed,,,,,,,
output,hru_ls_yr.csv,removed,,,,,,,
output,hru_ls_yr.txt,removed,,,,,,,
output,hru_nb_aa.csv,removed,,,,,,,
output,hru_nb_aa.txt,removed,,,,,,,
output,hru_nb_day.csv,removed,,,,,,,
output,hru_nb_day.txt,removed,,,,,,,
output,hru_nb_mon.csv,removed,,,,,,,
output,hru_nb_mon.txt,removed,,,,,,,
output,hru_nb_yr.csv,removed,,,,,,,
output,hru_nb_yr.txt,removed,,,,,,,
output,hru_ncycle_aa.csv,removed,,,,,,,
output,hru_ncycle_aa.txt,removed,,,,,,,
output,hru_ncycle_day.csv,removed,,,,,,,
output,hru_ncycle_day.txt,removed,,,,,,,
output,hru_ncycle_mon.csv,removed,,,,,,,
output,hru_ncycle_mon.txt,removed,,,,,,,
output,hru_ncycle_yr.csv,removed,,,,,,,
output,hru_ncycle_yr.txt,removed,,,,,,,
output,hru_nut_carb_gl_aa.csv,removed,,,,,,,
output,hru_nut_carb_gl_aa.txt,removed,,,,,,,
output,hru_nut_carb_gl_day.csv,removed,,,,,,,
output,hru_nut_carb_gl_day.txt,removed,,,,,,,
output,hru_nut_carb_gl_mon.csv,removed,,,,,,,
output,hru_nut_carb_gl_mon.txt,removed,,,,,,,
output,hru_nut_carb_gl_yr.csv,removed,,,,,,,
output,hru_nut_carb_gl_yr.txt,removed,,,,,,,
output,hru_orgc.txt,removed,,,,,,,
output,hru_path_aa.csv,removed,,,,,,,
output,hru_path_aa.txt,removed,,,,,,,
output,hru_path_day.csv,removed,,,,,,,
output,hru_path_day.txt,removed,,,,,,,
output,hru_path_mon.csv,removed,,,,,,,
output,hru_path_mon.txt,removed,,,,,,,
output,hru_path_yr.csv,removed,,,,,,,
output,hru_path_yr.txt,removed,,,,,,,
output,hru_pest_aa.csv,removed,,,,,,,
output,hru_pest_aa.txt,removed,,,,,,,
output,hru_pest_day.csv,removed,,,,,,,
output,hru_pest_day.txt,removed,,,,,,,
output,hru_pest_mon.csv,removed,,,,,,,
output,hru_pest_mon.txt,removed,,,,,,,
output,hru_pest_yr.csv,removed,,,,,,,
output,hru_pest_yr.txt,removed,,,,,,,
output,hru_plc_stat.csv,removed,,,,,,,
output,hru_plc_stat.txt,removed,,,,,,,
output,hru_plcarb_aa.csv,removed,,,,,,,
output,hru_plcarb_aa.txt,removed,,,,,,,
output,hru_plcarb_day.csv,removed,,,,,,,
output,hru_plcarb_day.txt,removed,,,,,,,
output,hru_plcarb_mon.csv,removed,,,,,,,
output,hru_plcarb_mon.txt,removed,,,,,,,
output,hru_plcarb_yr.csv,removed,,,,,,,
output,hru_plcarb_yr.txt,removed,,,,,,,
output,hru_pw_aa.csv,removed,,,,,,,
output,hru_pw_aa.txt,removed,,,,,,,
output,hru_pw_day.csv,removed,,,,,,,
output,hru_pw_day.txt,removed,,,,,,,
output,hru_pw_mon.csv,removed,,,,,,,
output,hru_pw_mon.txt,removed,,,,,,,
output,hru_pw_yr.csv,removed,,,,,,,
output,hru_pw_yr.txt,removed,,,,,,,
output,hru_resc_stat.csv,removed,,,,,,,
output,hru_resc_stat.txt,removed,,,,,,,
output,hru_rescarb_aa.csv,removed,,,,,,,
output,hru_rescarb_aa.txt,removed,,,,,,,
output,hru_rescarb_day.csv,removed,,,,,,,
output,hru_rescarb_day.txt,removed,,,,,,,
output,hru_rescarb_mon.csv,removed,,,,,,,
output,hru_rescarb_mon.txt,removed,,,,,,,
output,hru_rescarb_yr.csv,removed,,,,,,,
output,hru_rescarb_yr.txt,removed,,,,,,,
output,hru_salt_aa.csv,removed,,,,,,,
output,hru_salt_aa.txt,removed,,,,,,,
output,hru_salt_day.csv,removed,,,,,,,
output,hru_salt_day.txt,removed,,,,,,,
output,hru_salt_mon.csv,removed,,,,,,,
output,hru_salt_mon.txt,removed,,,,,,,
output,hru_salt_yr.csv,removed,,,,,,,
output,hru_salt_yr.txt,removed,,,,,,,
output,hru_scf_aa.csv,removed,,,,,,,
output,hru_scf_aa.txt,removed,,,,,,,
output,hru_scf_day.csv,removed,,,,,,,
output,hru_scf_day.txt,removed,,,,,,,
output,hru_scf_mon.csv,removed,,,,,,,
output,hru_scf_mon.txt,removed,,,,,,,
output,hru_scf_yr.csv,removed,,,,,,,
output,hru_scf_yr.txt,removed,,,,,,,
output,hru_soilc_stat.csv,removed,,,,,,,
output,hru_soilc_stat.txt,removed,,,,,,,
output,hru_soilcarb_aa.csv,removed,,,,,,,
output,hru_soilcarb_aa.txt,removed,,,,,,,
output,hru_soilcarb_day.csv,removed,,,,,,,
output,hru_soilcarb_day.txt,removed,,,,,,,
output,hru_soilcarb_mon.csv,removed,,,,,,,
output,hru_soilcarb_mon.txt,removed,,,,,,,
output,hru_soilcarb_yr.csv,removed,,,,,,,
output,hru_soilcarb_yr.txt,removed,,,,,,,
output,hru_totc.txt,removed,,,,,,,
output,hru_wb_aa.csv,removed,,,,,,,
output,hru_wb_aa.txt,removed,,,,,,,
output,hru_wb_day.csv,removed,,,,,,,
output,hru_wb_day.txt,removed,,,,,,,
output,hru_wb_mon.csv,removed,,,,,,,
output,hru_wb_mon.txt,removed,,,,,,,
output,hru_wb_yr.csv,removed,,,,,,,
output,hru_wb_yr.txt,removed,,,,,,,
output,hydcon.csv,removed,,,,,,,
output,hydcon.out,removed,,,,,,,
output,hydin_aa.csv,removed,,,,,,,
output,hydin_aa.txt,removed,,,,,,,
output,hydin_day.csv,removed,,,,,,,
output,hydin_day.txt,removed,,,,,,,
output,hydin_metals_aa.csv,removed,,,,,,,
output,hydin_metals_aa.txt,removed,,,,,,,
output,hydin_metals_day.csv,removed,,,,,,,
output,hydin_metals_day.txt,removed,,,,,,,
output,hydin_metals_mon.csv,removed,,,,,,,
output,hydin_metals_mon.txt,removed,,,,,,,
output,hydin_metals_yr.csv,removed,,,,,,,
output,hydin_metals_yr.txt,removed,,,,,,,
output,hydin_mon.csv,removed,,,,,,,
output,hydin_mon.txt,removed,,,,,,,
output,hydin_paths_aa.csv,removed,,,,,,,
output,hydin_paths_aa.txt,removed,,,,,,,
output,hydin_paths_day.csv,removed,,,,,,,
output,hydin_paths_day.txt,removed,,,,,,,
output,hydin_paths_mon.csv,removed,,,,,,,
output,hydin_paths_mon.txt,removed,,,,,,,
output,hydin_paths_yr.csv,removed,,,,,,,
output,hydin_paths_yr.txt,removed,,,,,,,
output,hydin_pests_aa.csv,removed,,,,,,,
output,hydin_pests_aa.txt,removed,,,,,,,
output,hydin_pests_day.csv,removed,,,,,,,
output,hydin_pests_day.txt,removed,,,,,,,
output,hydin_pests_mon.csv,removed,,,,,,,
output,hydin_pests_mon.txt,removed,,,,,,,
output,hydin_pests_yr.csv,removed,,,,,,,
output,hydin_pests_yr.txt,removed,,,,,,,
output,hydin_salts_aa.csv,removed,,,,,,,
output,hydin_salts_aa.txt,removed,,,,,,,
output,hydin_salts_day.csv,removed,,,,,,,
output,hydin_salts_day.txt,removed,,,,,,,
output,hydin_salts_mon.csv,removed,,,,,,,
output,hydin_salts_mon.txt,removed,,,,,,,
output,hydin_salts_yr.csv,removed,,,,,,,
output,hydin_salts_yr.txt,removed,,,,,,,
output,hydin_yr.csv,removed,,,,,,,
output,hydin_yr.txt,removed,,,,,,,
output,hydout_aa.csv,removed,,,,,,,
output,hydout_aa.txt,removed,,,,,,,
output,hydout_day.csv,removed,,,,,,,
output,hydout_day.txt,removed,,,,,,,
output,hydout_metals_aa.csv,removed,,,,,,,
output,hydout_metals_aa.txt,removed,,,,,,,
output,hydout_metals_day.csv,removed,,,,,,,
output,hydout_metals_day.txt,removed,,,,,,,
output,hydout_metals_mon.csv,removed,,,,,,,
output,hydout_metals_mon.txt,removed,,,,,,,
output,hydout_metals_yr.csv,removed,,,,,,,
output,hydout_metals_yr.txt,removed,,,,,,,
output,hydout_mon.csv,removed,,,,,,,
output,hydout_mon.txt,removed,,,,,,,
output,hydout_paths_aa.csv,removed,,,,,,,
output,hydout_paths_aa.txt,removed,,,,,,,
output,hydout_paths_day.csv,removed,,,,,,,
output,hydout_paths_day.txt,removed,,,,,,,
output,hydout_paths_mon.csv,removed,,,,,,,
output,hydout_paths_mon.txt,removed,,,,,,,
output,hydout_paths_yr.csv,removed,,,,,,,
output,hydout_paths_yr.txt,removed,,,,,,,
output,hydout_pests_aa.csv,removed,,,,,,,
output,hydout_pests_aa.txt,removed,,,,,,,
output,hydout_pests_day.csv,removed,,,,,,,
output,hydout_pests_day.txt,removed,,,,,,,
output,hydout_pests_mon.csv,removed,,,,,,,
output,hydout_pests_mon.txt,removed,,,,,,,
output,hydout_pests_yr.csv,removed,,,,,,,
output,hydout_pests_yr.txt,removed,,,,,,,
output,hydout_salts_aa.csv,removed,,,,,,,
output,hydout_salts_aa.txt,removed,,,,,,,
output,hydout_salts_day.csv,removed,,,,,,,
output,hydout_salts_day.txt,removed,,,,,,,
output,hydout_salts_mon.csv,removed,,,,,,,
output,hydout_salts_mon.txt,removed,,,,,,,
output,hydout_salts_yr.csv,removed,,,,,,,
output,hydout_salts_yr.txt,removed,,,,,,,
output,hydout_yr.csv,removed,,,,,,,
output,hydout_yr.txt,removed,,,,,,,
output,lsunit_ls_aa.csv,removed,,,,,,,
output,lsunit_ls_aa.txt,removed,,,,,,,
output,lsunit_ls_day.csv,removed,,,,,,,
output,lsunit_ls_day.txt,removed,,,,,,,
output,lsunit_ls_mon.csv,removed,,,,,,,
output,lsunit_ls_mon.txt,removed,,,,,,,
output,lsunit_ls_yr.csv,removed,,,,,,,
output,lsunit_ls_yr.txt,removed,,,,,,,
output,lsunit_nb_aa.csv,removed,,,,,,,
output,lsunit_nb_aa.txt,removed,,,,,,,
output,lsunit_nb_day.csv,removed,,,,,,,
output,lsunit_nb_day.txt,removed,,,,,,,
output,lsunit_nb_mon.csv,removed,,,,,,,
output,lsunit_nb_mon.txt,removed,,,,,,,
output,lsunit_nb_yr.csv,removed,,,,,,,
output,lsunit_nb_yr.txt,removed,,,,,,,
output,lsunit_pw_aa.csv,removed,,,,,,,
output,lsunit_pw_aa.txt,removed,,,,,,,
output,lsunit_pw_day.csv,removed,,,,,,,
output,lsunit_pw_day.txt,removed,,,,,,,
output,lsunit_pw_mon.csv,removed,,,,,,,
output,lsunit_pw_mon.txt,removed,,,,,,,
output,lsunit_pw_yr.csv,removed,,,,,,,
output,lsunit_pw_yr.txt,removed,,,,,,,
output,lsunit_wb_aa.csv,removed,,,,,,,
output,lsunit_wb_aa.txt,removed,,,,,,,
output,lsunit_wb_day.csv,removed,,,,,,,
output,lsunit_wb_day.txt,removed,,,,,,,
output,lsunit_wb_mon.csv,removed,,,,,,,
output,lsunit_wb_mon.txt,removed,,,,,,,
output,lsunit_wb_yr.csv,removed,,,,,,,
output,lsunit_wb_yr.txt,removed,,,,,,,
output,lu_change_out.txt,removed,,,,,,,
output,mgt_out.txt,removed,,,,,,,
output,recall_aa.csv,removed,,,,,,,
output,recall_aa.txt,removed,,,,,,,
output,recall_day.csv,removed,,,,,,,
output,recall_day.txt,removed,,,,,,,
output,recall_mon.csv,removed,,,,,,,
output,recall_mon.txt,removed,,,,,,,
output,recall_yr.csv,removed,,,,,,,
output,recall_yr.txt,removed,,,,,,,
output,reservoir_aa.csv,removed,,,,,,,
output,reservoir_aa.txt,removed,,,,,,,
output,reservoir_cs_aa.csv,removed,,,,,,,
output,reservoir_cs_aa.txt,removed,,,,,,,
output,reservoir_cs_day.csv,removed,,,,,,,
output,reservoir_cs_day.txt,removed,,,,,,,
output,reservoir_cs_mon.csv,removed,,,,,,,
output,reservoir_cs_mon.txt,removed,,,,,,,
output,reservoir_cs_yr.csv,removed,,,,,,,
output,reservoir_cs_yr.txt,removed,,,,,,,
output,reservoir_day.csv,removed,,,,,,,
output,reservoir_day.txt,removed,,,,,,,
output,reservoir_mon.csv,removed,,,,,,,
output,reservoir_mon.txt,removed,,,,,,,
output,reservoir_pest_aa.csv,removed,,,,,,,
output,reservoir_pest_aa.txt,removed,,,,,,,
output,reservoir_pest_day.csv,removed,,,,,,,
output,reservoir_pest_day.txt,removed,,,,,,,
output,reservoir_pest_mon.csv,removed,,,,,,,
output,reservoir_pest_mon.txt,removed,,,,,,,
output,reservoir_pest_yr.csv,removed,,,,,,,
output,reservoir_pest_yr.txt,removed,,,,,,,
output,reservoir_salt_aa.csv,removed,,,,,,,
output,reservoir_salt_aa.txt,removed,,,,,,,
output,reservoir_salt_day.csv,removed,,,,,,,
output,reservoir_salt_day.txt,removed,,,,,,,
output,reservoir_salt_mon.csv,removed,,,,,,,
output,reservoir_salt_mon.txt,removed,,,,,,,
output,reservoir_salt_yr.csv,removed,,,,,,,
output,reservoir_salt_yr.txt,removed,,,,,,,
output,reservoir_yr.csv,removed,,,,,,,
output,reservoir_yr.txt,removed,,,,,,,
output,rout_unit_cs_aa.csv,removed,,,,,,,
output,rout_unit_cs_aa.txt,removed,,,,,,,
output,rout_unit_cs_day.csv,removed,,,,,,,
output,rout_unit_cs_day.txt,removed,,,,,,,
output,rout_unit_cs_mon.csv,removed,,,,,,,
output,rout_unit_cs_mon.txt,removed,,,,,,,
output,rout_unit_cs_yr.csv,removed,,,,,,,
output,rout_unit_cs_yr.txt,removed,,,,,,,
output,rout_unit_salt_aa.csv,removed,,,,,,,
output,rout_unit_salt_aa.txt,removed,,,,,,,
output,rout_unit_salt_day.csv,removed,,,,,,,
output,rout_unit_salt_day.txt,removed,,,,,,,
output,rout_unit_salt_mon.csv,removed,,,,,,,
output,rout_unit_salt_mon.txt,removed,,,,,,,
output,rout_unit_salt_yr.csv,removed,,,,,,,
output,rout_unit_salt_yr.txt,removed,,,,,,,
output,ru_aa.csv,removed,,,,,,,
output,ru_aa.txt,removed,,,,,,,
output,ru_day.csv,removed,,,,,,,
output,ru_day.txt,removed,,,,,,,
output,ru_mon.csv,removed,,,,,,,
output,ru_mon.txt,removed,,,,,,,
output,ru_yr.csv,removed,,,,,,,
output,ru_yr.txt,removed,,,,,,,
output,unit_2780,removed,,,,,,,
output,unit_2781,removed,,,,,,,
output,unit_2782,removed,,,,,,,
output,unit_2783,removed,,,,,,,
output,unit_2784,removed,,,,,,,
output,unit_2785,removed,,,,,,,
output,unit_2786,removed,,,,,,,
output,unit_2787,removed,,,,,,,
output,unit_2900,removed,,,,,,,
output,unit_2901,removed,,,,,,,
output,unit_2902,removed,,,,,,,
output,unit_2903,removed,,,,,,,
output,unit_2904,removed,,,,,,,
output,unit_2905,removed,,,,,,,
output,unit_2906,removed,,,,,,,
output,unit_2907,removed,,,,,,,
output,unit_4444,removed,,,,,,,
output,unit_out_sol_rctn,removed,,,,,,,
output,water_allo_aa.csv,removed,,,,,,,
output,water_allo_aa.txt,removed,,,,,,,
output,water_allo_day.csv,removed,,,,,,,
output,water_allo_day.txt,removed,,,,,,,
output,water_allo_mon.csv,removed,,,,,,,
output,water_allo_mon.txt,removed,,,,,,,
output,water_allo_yr.csv,removed,,,,,,,
output,water_allo_yr.txt,removed,,,,,,,
output,wetland_aa.csv,removed,,,,,,,
output,wetland_aa.txt,removed,,,,,,,
output,wetland_cs_aa.csv,removed,,,,,,,
output,wetland_cs_aa.txt,removed,,,,,,,
output,wetland_cs_day.csv,removed,,,,,,,
output,wetland_cs_day.txt,removed,,,,,,,
output,wetland_cs_mon.csv,removed,,,,,,,
output,wetland_cs_mon.txt,removed,,,,,,,
output,wetland_cs_yr.csv,removed,,,,,,,
output,wetland_cs_yr.txt,removed,,,,,,,
output,wetland_day.csv,removed,,,,,,,
output,wetland_day.txt,removed,,,,,,,
output,wetland_mon.csv,removed,,,,,,,
output,wetland_mon.txt,removed,,,,,,,
output,wetland_salt_aa.csv,removed,,,,,,,
output,wetland_salt_aa.txt,removed,,,,,,,
output,wetland_salt_day.csv,removed,,,,,,,
output,wetland_salt_day.txt,removed,,,,,,,
output,wetland_salt_mon.csv,removed,,,,,,,
output,wetland_salt_mon.txt,removed,,,,,,,
output,wetland_salt_yr.csv,removed,,,,,,,
output,wetland_salt_yr.txt,removed,,,,,,,
output,wetland_yr.csv,removed,,,,,,,
output,wetland_yr.txt,removed,,,,,,,
output,yield.csv,removed,,,,,,,
output,yield.out,removed,,,,,,,
input_output,out.key,added,,,,,,,
input,aqu_catunit.def,common,,,N,N,N,Y,Y
input,aqu_catunit.ele,common,,,N,N,N,Y,N
input,aqu_cha.lin,common,,,N,N,N,Y,Y
input,aquifer.aqu,common,,,N,N,N,Y,N
input,aquifer.con,common,,,N,N,N,Y,Y
input,atmodep.cli,common,,,N,N,N,Y,Y
input,basins_carbon.tes,common,,,N,N,N,Y,Y
input,bmpuser.str,common,,,N,N,N,Y,N
input,cal_parms.cal,common,,,N,N,N,Y,N
input,calibration.cal,common,,,Y,N,Y,Y,Y
input,ch_catunit.def,common,,,N,N,N,Y,Y
input,ch_reg.def,common,,,N,N,N,Y,Y
input,ch_sed_budget.sft,common,,,N,N,N,Y,Y
input,ch_sed_parms.sft,common,,,N,N,N,Y,N
input,chan-surf.lin,common,,,N,N,N,Y,N
input,chandeg.con,common,,,N,N,N,Y,Y
input,channel-lte.cha,common,,,N,N,N,Y,N
input,channel.cha,common,,,N,N,N,Y,N
input,channel.con,common,,,N,N,N,Y,Y
input,chem_app.ops,common,,,N,N,N,Y,N
input,cntable.lum,common,,,N,N,N,Y,Y
input,co2_yr.dat,common,,,N,N,N,Y,Y
input,codes.bsn,common,,,N,N,N,Y,Y
input,codes.sft,common,,,N,N,N,Y,N
input,cons_practice.lum,common,,,N,N,N,Y,N
input,constituents.cs,common,,,N,N,N,Y,Y
input,cs_aqu.ini,common,,,N,N,N,Y,Y
input,cs_atmo.cli,common,,,N,N,N,Y,N
input,cs_channel.ini,common,,,N,N,N,Y,Y
input,cs_hru.ini,common,,,N,N,N,Y,Y
input,cs_irrigation,common,,,N,N,N,Y,Y
input,cs_plants_boron,common,,,N,N,N,Y,Y
input,cs_reactions,common,,,N,N,N,Y,Y
input,cs_recall.rec,common,,,N,N,N,Y,N
input,cs_res,common,,,N,N,N,Y,N
input,cs_streamobs,common,,,N,N,N,Y,Y
input,cs_uptake,common,,,N,N,N,Y,Y
input,cs_urban,common,,,N,N,N,Y,Y
input,delratio.con,common,,,N,N,N,Y,Y
input,delratio.del,common,,dr_read,Y,N,Y,Y,Y
input,dr_hmet.del,common,,,N,N,N,Y,Y
input,dr_om.del,common,,,N,N,N,Y,Y
input,dr_path.del,common,,,N,N,N,Y,Y
input,dr_pest.del,common,,,N,N,N,Y,Y
input,dr_salt.del,common,,,N,N,N,Y,Y
input,element.ccu,common,,,N,N,N,Y,N
input,exco.con,common,,,N,N,N,Y,Y
input,exco.exc,common,,exco_read,Y,N,Y,Y,Y
input,exco_hmet.exc,common,,,N,N,N,Y,Y
input,exco_om.exc,common,,,Y,N,Y,Y,Y
input,exco_path.exc,common,,,N,N,N,Y,Y
input,exco_pest.exc,common,,,N,N,N,Y,Y
input,exco_salt.exc,common,,,N,N,N,Y,Y
input,fertilizer.frt,common,,,N,N,N,Y,N
input,fertilizer.frt_cs,common,,,N,N,N,Y,N
input,field.fld,common,,,N,N,N,Y,N
input,file.cio,common,,,Y,N,Y,Y,Y
input,filterstrip.str,common,,,N,N,N,Y,N
input,fire.ops,common,,,N,N,N,Y,N
input,flo_con.dtl,common,,,N,N,N,Y,Y
input,grassedww.str,common,,,N,N,N,Y,N
input,graze.ops,common,,,N,N,N,Y,N
input,gwflow.canals,common,,,N,N,N,Y,N
input,gwflow.cellhru,common,,,N,N,N,Y,N
input,gwflow.chancells,common,,,Y,N,Y,Y,Y
input,gwflow.floodplain,common,,,N,N,N,Y,Y
input,gwflow.hru_pump_observe,common,,,N,N,N,Y,Y
input,gwflow.hrucell,common,,,N,N,N,Y,Y
input,gwflow.huc12cell,common,,,N,N,N,Y,N
input,gwflow.input,common,,,Y,N,Y,Y,Y
input,gwflow.lsucell,common,,,N,N,N,Y,Y
input,gwflow.pumpex,common,,,Y,N,Y,Y,Y
input,gwflow.rescells,common,,,N,N,N,Y,N
input,gwflow.solutes,common,,,N,N,N,Y,Y
input,gwflow.streamobs,common,,,N,N,N,Y,Y
input,gwflow.tiles,common,,,N,N,N,Y,Y
input,gwflow.wetland,common,,,N,N,N,Y,Y
input,harv.ops,common,,,N,N,N,Y,N
input,hmd(i)%filename,common,,,N,N,N,Y,Y
input,hmd.cli,common,,,N,N,N,Y,N
input,hmet_hru.ini,common,,,N,N,N,Y,Y
input,hru-data.hru,common,,,N,N,N,Y,Y
input,hru-lte.con,common,,,N,N,N,Y,Y
input,hru-lte.hru,common,,,N,N,N,Y,N
input,hru.con,common,,,Y,N,Y,Y,Y
input,hyd-sed-lte.cha,common,,,N,N,N,Y,Y
input,hydrology.cha,common,,,N,N,N,Y,N
input,hydrology.hyd,common,,,N,N,N,Y,N
input,hydrology.res,common,,,Y,N,Y,Y,Y
input,hydrology.wet,common,,,Y,N,Y,Y,Y
input,initial.aqu,common,,,N,N,N,Y,N
input,initial.aqu_cs,common,,,N,N,N,Y,N
input,initial.cha,common,,,N,N,N,Y,N
input,initial.cha_cs,common,,,N,N,N,Y,N
input,initial.res,common,,,N,N,N,Y,N
input,irr.ops,common,,,N,N,N,Y,N
input,landuse.lum,common,,,N,N,N,Y,N
input,ls_reg.def,common,,,N,N,N,Y,Y
input,ls_reg.ele,common,,,N,N,N,Y,N
input,ls_unit.def,common,,,N,N,N,Y,Y
input,ls_unit.ele,common,,,N,N,N,Y,N
input,lsu_elem_upd,common,,,N,N,N,Y,N
input,lum.dtl,common,,,N,N,N,Y,Y
input,management.sch,common,,,N,N,N,N,N
input,manure_allo.mnu,common,,,Y,N,Y,Y,Y
input,nutrients.cha,common,,,N,N,N,Y,N
input,nutrients.res,common,,,N,N,N,Y,Y
input,nutrients.rte,common,,,N,N,N,Y,N
input,nutrients.sol,common,,,N,N,N,Y,N
input,object.cnt,common,,,N,N,N,Y,N
input,object.prt,common,,,N,N,N,Y,Y
input,om_water.ini,common,,,N,N,N,Y,Y
input,outlet.con,common,,,N,N,N,Y,Y
input,ovn_table.lum,common,,,N,N,N,Y,N
input,parameters.bsn,common,,,N,N,N,Y,N
input,path_hru.ini,common,,,Y,N,Y,Y,Y
input,path_water.ini,common,,,Y,N,Y,Y,Y
input,pathogens.pth,common,,,N,N,N,Y,Y
input,pcp(i)%filename,common,,,N,N,N,Y,Y
input,pcp.cli,common,,,N,N,N,Y,N
input,pest.com,common,,,N,N,N,Y,N
input,pest_hru.ini,common,,,N,N,N,Y,Y
input,pest_metabolite.pes,common,,,N,N,N,Y,N
input,pest_water.ini,common,,,Y,N,Y,Y,Y
input,pesticide.pes,common,,,N,N,N,Y,N
input,pet.cli,common,,,Y,N,Y,Y,Y
input,petm(i)%filename,common,,,N,N,N,Y,Y
input,plant.ini,common,,,N,N,N,N,N
input,plant_gro.sft,common,,,N,N,N,Y,Y
input,plant_parms.sft,common,,,N,N,N,Y,Y
input,plants.plt,common,,,Y,N,Y,Y,Y
input,print.prt,common,,,Y,N,Y,Y,Y
input,puddle.ops,common,,,N,N,N,Y,N
input,rec_catunit.def,common,,,N,N,N,Y,Y
input,rec_catunit.ele,common,,,N,N,N,Y,N
input,rec_cs(i)%filename,common,,,N,N,N,Y,N
input,rec_pest(i)%filename,common,,,N,N,N,Y,Y
input,rec_reg.def,common,,,N,N,N,Y,Y
input,rec_salt(i)%filename,common,,,N,N,N,Y,N
input,recall.con,common,,,N,N,N,Y,Y
input,res_catunit.def,common,,,N,N,N,Y,Y
input,res_catunit.ele,common,,,N,N,N,Y,N
input,res_conds.dat,common,,,N,N,N,Y,Y
input,res_reg.def,common,,,N,N,N,Y,Y
input,res_rel.dtl,common,,,N,N,N,Y,Y
input,reservoir.con,common,,,N,N,N,Y,Y
input,reservoir.res,common,,,N,N,N,Y,N
input,reservoir.res_cs,common,,,N,N,N,Y,N
input,rout_unit.con,common,,,N,N,N,Y,Y
input,rout_unit.def,common,,,N,N,N,Y,Y
input,rout_unit.ele,common,,,N,N,N,Y,N
input,rout_unit.rtu,common,,,N,N,N,Y,Y
input,ru_elem_upd,common,,,N,N,N,Y,N
input,salt_aqu.ini,common,,,N,N,N,Y,Y
input,salt_atmo.cli,common,,,N,N,N,Y,N
input,salt_channel.ini,common,,,N,N,N,Y,Y
input,salt_fertilizer.frt,common,,,N,N,N,Y,N
input,salt_hru.ini,common,,salt_hru_aqu_read,N,N,N,Y,Y
input,salt_irrigation,common,,,N,N,N,Y,Y
input,salt_plants,common,,,N,N,N,Y,Y
input,salt_recall.rec,common,,,N,N,N,Y,N
input,salt_res,common,,res_read_salt,N,N,N,Y,Y
input,salt_road,common,,,N,N,N,Y,N
input,salt_uptake,common,,,N,N,N,Y,Y
input,salt_urban,common,,,N,N,N,Y,Y
input,scen_dtl.upd,common,,,N,N,N,Y,N
input,scen_lu.dtl,common,,,N,N,N,Y,Y
input,sediment.cha,common,,,N,N,N,Y,Y
input,sediment.res,common,,,N,N,N,Y,N
input,septic.sep,common,,,N,N,N,Y,N
input,septic.str,common,,,N,N,N,Y,N
input,slr(i)%filename,common,,,N,N,N,Y,Y
input,slr.cli,common,,,N,N,N,Y,N
input,snow.sno,common,,,N,N,N,Y,N
input,soil_plant.ini,common,,,Y,N,Y,Y,Y
input,soils.sol,common,,,N,N,N,N,N
input,soils_lte.sol,common,,,N,N,N,Y,N
input,sweep.ops,common,,,N,N,N,Y,N
input,temperature.cha,common,,,N,N,N,Y,N
input,tiledrain.str,common,,,N,N,N,Y,N
input,tillage.til,common,,,N,N,N,Y,N
input,time.sim,common,,,N,N,N,Y,N
input,tmp(i)%filename,common,,,N,N,N,Y,Y
input,tmp.cli,common,,,N,N,N,Y,N
input,topography.hyd,common,,,N,N,N,Y,N
input,transplant.plt,common,,,N,N,N,Y,N
input,urban.urb,common,,,N,N,N,Y,N
input,usgs_annual_head,common,,,N,N,N,Y,N
input,water_allocation.wro,common,,,Y,N,Y,Y,Y
input,water_balance.sft,common,,,N,N,N,Y,Y
input,wb_parms.sft,common,,,N,N,N,Y,N
input,weather-sta.cli,common,,,N,N,N,Y,Y
input,weather-wgn.cli,common,,,N,N,N,Y,Y
input,weir.res,common,,,N,N,N,Y,N
input,wetland.wet,common,,,N,N,N,Y,N
input,wetland.wet_cs,common,,,N,N,N,Y,N
input,wnd(i)%filename,common,,,N,N,N,Y,Y
input,wnd.cli,common,,,N,N,N,Y,N
input_output,gwflow.con,common,,,Y,Y,Y,Y,Y
output,SWIFT/aqu_dr.swf,common,,,N,Y,Y,N,N
output,SWIFT/chan_dat.swf,common,,,N,Y,Y,N,N
output,SWIFT/chan_dr.swf,common,,,N,Y,Y,N,N
output,SWIFT/file_cio.swf,common,,,N,Y,Y,N,N
output,SWIFT/hru_dat.swf,common,,,N,Y,Y,N,N
output,SWIFT/hru_exco.swf,common,,,N,Y,Y,N,N
output,SWIFT/hru_wet.swf,common,,,N,Y,Y,N,N
output,SWIFT/precip.swf,common,,,N,Y,Y,N,N
output,SWIFT/res_dat.swf,common,,,N,Y,Y,N,N
output,SWIFT/res_dr.swf,common,,,N,Y,Y,N,N
output,cs_streamobs_output,common,,,N,N,N,Y,Y
output,gwflow_balance_aa_,common,,,N,Y,Y,N,N
output,gwflow_balance_gw_aa,common,,,N,Y,Y,Y,Y
output,gwflow_balance_gw_day,common,,,N,Y,Y,Y,Y
output,gwflow_balance_gw_yr,common,,,N,Y,Y,Y,Y
output,gwflow_balance_huc12,common,,,N,Y,Y,Y,Y
output,gwflow_flux_canl,common,,,N,Y,Y,Y,Y
output,gwflow_flux_floodplain,common,,,N,Y,Y,Y,Y
output,gwflow_flux_gwet,common,,,N,Y,Y,Y,Y
output,gwflow_flux_gwsw,common,,,N,Y,Y,Y,Y
output,gwflow_flux_ppag,common,,,N,Y,Y,Y,Y
output,gwflow_flux_pumping_deficient,common,,,N,Y,Y,Y,Y
output,gwflow_flux_pumping_hru_mo,common,,,N,Y,Y,Y,Y
output,gwflow_flux_pumping_hru_obs,common,,,N,Y,Y,Y,Y
output,gwflow_flux_pumping_hru_yr,common,,,N,Y,Y,Y,Y
output,gwflow_flux_reaction,common,,,N,N,N,N,N
output,gwflow_flux_rech,common,,,N,Y,Y,Y,Y
output,gwflow_flux_resv,common,,,N,Y,Y,Y,Y
output,gwflow_flux_satx,common,,,N,Y,Y,Y,Y
output,gwflow_flux_soil,common,,,N,Y,Y,Y,Y
output,gwflow_flux_tile,common,,,N,Y,Y,Y,Y
output,gwflow_flux_wetland,common,,,N,Y,Y,Y,Y
output,gwflow_mass_canl,common,,,N,Y,Y,Y,Y
output,gwflow_mass_fpln,common,,,N,Y,Y,Y,Y
output,gwflow_mass_gwsw,common,,,N,Y,Y,Y,Y
output,gwflow_mass_ppag,common,,,N,Y,Y,Y,Y
output,gwflow_mass_ppex,common,,,N,Y,Y,Y,Y
output,gwflow_mass_rech,common,,,N,Y,Y,Y,Y
output,gwflow_mass_resv,common,,,N,Y,Y,Y,Y
output,gwflow_mass_satx,common,,,N,Y,Y,Y,Y
output,gwflow_mass_soil,common,,,N,Y,Y,Y,Y
output,gwflow_mass_tile,common,,,N,Y,Y,Y,Y
output,gwflow_mass_wetl,common,,,N,Y,Y,Y,Y
output,gwflow_record,common,,,N,Y,Y,Y,Y
output,gwflow_state_conc,common,,,N,Y,Y,Y,Y
output,gwflow_state_conc_mo,common,,,N,Y,Y,Y,Y
output,gwflow_state_conc_yr,common,,,N,Y,Y,Y,Y
output,gwflow_state_head,common,,,N,Y,Y,Y,Y
output,gwflow_state_head_mo,common,,,N,Y,Y,Y,Y
output,gwflow_state_head_yr,common,,,N,Y,Y,Y,Y
output,gwflow_state_hydsep,common,,,N,Y,Y,Y,Y
output,gwflow_state_obs_conc,common,,,N,Y,Y,Y,Y
output,gwflow_state_obs_flow,common,,,N,Y,Y,Y,Y
output,gwflow_state_obs_head,common,,,N,Y,Y,Y,Y
output,gwflow_state_obs_head_usgs,common,,,N,Y,Y,Y,Y
output,gwflow_tile_cell_groups,common,,,N,Y,Y,Y,Y
output,hru-new.cal,common,,,N,Y,Y,Y,Y
output,hru-out.cal,common,,,N,Y,Y,Y,Y
output,hydrology-cal.hyd,common,,,N,Y,Y,Y,Y
output,looping.con,common,,,N,N,N,N,N
output,ob_out(i)%filename,common,,,N,N,N,N,N
output,plant_parms.cal,common,,,N,N,N,N,N
output,unit_*,common,basin_print_codes_read;carbon_coef_read,time_control,N,Y,Y,Y,Y
output,unit_3200,common,,,N,Y,Y,N,N
output,unit_3201,common,,,N,Y,Y,N,N
output,unit_3202,common,,,N,Y,Y,N,N
output,unit_3203,common,,,N,Y,Y,N,N
output,unit_3204,common,,,N,Y,Y,N,N
output,unit_3205,common,,,N,Y,Y,N,N
output,unit_3206,common,,,N,Y,Y,N,N
output,unit_3207,common,,,N,Y,Y,N,N
output,unit_3210,common,,,N,Y,Y,N,N
output,unit_3211,common,,,N,Y,Y,N,N
output,unit_3212,common,,,N,Y,Y,N,N
output,unit_3213,common,,,N,Y,Y,N,N
output,unit_3214,common,,,N,Y,Y,N,N
output,unit_3215,common,,,N,Y,Y,N,N
output,unit_3216,common,,,N,Y,Y,N,N
output,unit_3217,common,,,N,Y,Y,N,N
output,unit_4304,common,,,N,N,N,N,N
output,unit_4412,common,,,N,N,N,N,N
output,unit_4413,common,,,N,N,N,N,N
output,unit_4414,common,,,N,N,N,N,N
output,unit_4415,common,,,N,N,N,N,N
output,unit_4416,common,,,N,N,N,N,N
output,unit_4417,common,,,N,N,N,N,N
output,unit_4418,common,,,N,N,N,N,N
output,unit_4419,common,,,N,N,N,N,N
output,unit_4420,common,,,N,N,N,N,N
output,unit_4421,common,,,N,N,N,N,N
output,unit_4422,common,,,N,N,N,N,N
output,unit_4423,common,,,N,N,N,N,N
output,unit_4424,common,,,N,N,N,N,N
output,unit_4425,common,,,N,N,N,N,N
output,unit_4426,common,,,N,N,N,N,N
output,unit_4427,common,,,N,N,N,N,N
output,unit_4544,common,output_landscape_init,,N,Y,Y,Y,Y
output,unit_9003,common,,time_control,N,Y,Y,Y,Y
output,unit_iunit+itot,common,,,N,Y,Y,N,N
output,unit_out_lateral,common,,,N,N,N,N,N
output,unit_out_sol_sorb,common,,,N,N,N,N,N
output,unit_out_solbal_aa+s,common,,,N,Y,Y,N,N
output,unit_out_solbal_dy+s,common,,,N,Y,Y,N,N
output,unit_out_solbal_yr+s,common,,,N,Y,Y,N,N
